,regNo,typeOfInvest,initiationDate,cancelNav,issueNav,dividendIntervalPeriod,guaranteedEarningRate,date,netAsset,estimatedEarningRate,investedUnits,beta,alpha,isCompleted,fiveBest,stock,bond,other,cash,deposit,commodity
0,11777,IssuanceAndCancellation,2021-01-03,71543817.0,71640067.0,0.0,,2023-06-19T00:00:00,74023883405729.0,,1034665.0,,,True,89.66,92.51,0.0,7.49,0.0,0.0,
1,11446,IssuanceAndCancellation,2016-10-08,18331176.0,18357541.0,0.0,,2023-06-19T00:00:00,19866136867127.0,,1083735.0,,,True,95.47,95.65,0.0,0.44,0.0,3.91,
2,11633,IssuanceAndCancellation,2019-03-05,1294238.0,1294339.0,0.0,,2023-06-19T00:00:00,94722689423.0,,73188.0,,,True,0.0,92.82,0.0,6.43,0.09,0.66,
3,11783,IssuanceAndCancellation,2020-12-30,1365515.0,1365763.0,0.0,,2023-06-19T00:00:00,400255915815.0,,293117.0,,,True,0.0,0.0,0.0,91.7,10.89,0.0,
4,11410,IssuanceAndCancellation,2016-03-07,9383805.0,9397820.0,0.0,,2023-06-19T00:00:00,174268605719558.0,,18571208.0,,,True,98.47,98.47,0.0,3.58,0.0,0.0,
5,11950,Negotiable,2022-03-17,411878.0,411878.0,0.0,,2023-06-09T00:00:00,411878254654.0,,1000000.0,,,True,0.0,0.0,0.0,25.81,0.0,74.19,
6,11759,IssuanceAndCancellation,2020-11-28,1909336.0,1911784.0,0.0,,2023-06-19T00:00:00,18882381623614.0,,9889501.0,,,True,0.0,0.0,0.0,57.2,0.0,2.44,0.0
7,11443,IssuanceAndCancellation,2016-07-18,16532482.0,16555037.0,0.0,,2023-06-19T00:00:00,9288179850659.0,,561814.0,,,True,86.15,86.15,0.0,0.01,0.0,0.01,0.0
8,11884,IssuanceAndCancellation,2021-09-18,1493548.0,1495510.0,0.0,,2023-06-19T00:00:00,1141920553883.0,,764569.0,,,True,0.0,0.0,0.0,0.1,0.21,0.0,0.0
9,11709,Negotiable,2020-06-24,304646.0,306722.0,0.0,,2023-06-19T00:00:00,175799669754134.0,,577061888.0,1.094424,48.93,True,98.28,98.28,0.0,0.06,0.0,1.44,0.0
10,11967,Negotiable,2022-06-15,19237.0,19275.0,0.0,20.0,2023-06-19T00:00:00,3491552241496.0,,181500000.0,1.0576731666666668,47.056666666666665,True,0.0,0.0,0.0,2.31,0.0,2.24,95.44
11,11941,IssuanceAndCancellation,2022-03-15,1770087.0,1772578.0,0.0,19.81132075471698,2023-06-19T00:00:00,1471500133706.0,,831315.0,1.0209223333333335,45.18333333333333,True,58.85,85.18,1.49,1.98,0.0,11.35,96.92
12,11618,IssuanceAndCancellation,2018-12-16,1733093.0,1735157.0,0.0,19.62264150943396,2023-06-19T00:00:00,36486777303177.0,,21052978.0,0.9841715,43.31,True,42.64,92.43,4.87,0.4,0.0,2.3,98.39999999999999
13,11856,Negotiable,2021-07-26,24097.0,24147.0,0.0,19.433962264150942,2023-06-19T00:00:00,16937805708879.0,,702900000.0,0.9474206666666667,41.43666666666667,True,0.0,0.0,0.0,0.02,0.0,0.1,99.88
14,11530,Negotiable,2017-11-08,119690.0,119864.0,0.0,19.245283018867923,2023-06-19T00:00:00,7872686361539.0,,65775552.0,0.9106698333333334,39.56333333333333,True,0.0,0.0,0.46,0.13,0.0,5.06,94.36
15,11149,IssuanceAndCancellation,2013-05-29,33509840.0,33706024.0,0.0,19.056603773584907,2023-06-19T00:00:00,1526708290270.0,,45560.0,0.873919,37.69,True,24.91,79.89,0.69,3.96,0.01,15.45,94.025
16,11899,Negotiable,2021-12-29,21142.0,21191.0,0.0,18.867924528301888,2023-06-19T00:00:00,7433709849228.0,,351593000.0,0.8962485,36.41,True,0.0,0.0,0.01,3.58,0.0,2.72,93.69
17,11823,Negotiable,2021-05-26,20715.0,20833.0,0.0,18.67924528301887,2023-06-19T00:00:00,231924044925.0,20.0,11195858.0,0.918578,35.13,True,31.29,78.14,11.69,5.97,0.01,4.19,70.2675
18,11807,IssuanceAndCancellation,2021-03-08,1151393.0,1152088.0,0.0,18.49056603773585,2023-06-19T00:00:00,502629259649.0,20.0,436540.0,0.993016,33.32,True,29.47,41.11,6.42,0.71,0.0,51.76,46.845
19,11586,Negotiable,2018-06-20,67850.0,68052.0,0.0,18.30188679245283,2023-06-19T00:00:00,29997480053923.0,20.0,442113124.0,1.067454,31.51,True,93.46,99.62,0.0,0.0,0.0,0.38,23.4225
20,11186,IssuanceAndCancellation,2013-10-12,39166591.0,39445783.0,6.0,18.11320754716981,2023-06-19T00:00:00,1722390031470.0,20.0,43976.0,1.141892,29.7,True,42.69,99.45,0.0,0.41,0.14,0.0,0.0
21,11878,Negotiable,2021-09-26,19519.0,19666.0,0.0,17.92452830188679,2023-06-19T00:00:00,3991643685816.0,20.0,204500000.0,1.065221,31.69,True,26.35,99.05,0.0,0.94,0.0,0.0,0.0
22,11195,Negotiable,2013-12-14,355658.0,357827.0,0.0,17.735849056603772,2023-06-19T00:00:00,5764589508845.0,20.0,16208242.0,0.629507,40.884,True,40.29,82.82,3.12,2.6,0.0,11.46,0.0
23,11141,IssuanceAndCancellation,2013-03-03,4400686.0,4425771.0,0.0,17.547169811320753,2023-06-19T00:00:00,1075395578907.0,20.0,244370.0,1.038024,31.653,True,32.59,82.65,0.0,5.74,0.0,11.61,0.0
24,11603,Negotiable,2019-06-01,971300.0,971491.0,0.0,17.358490566037737,2023-06-19T00:00:00,97129958304.0,20.0,100000.0,0.9852255000000001,32.117999999999995,True,0.0,0.0,52.39,46.62,0.05,0.94,0.0
25,11463,IssuanceAndCancellation,2016-11-13,28927596.0,29121973.0,0.0,17.169811320754718,2023-06-19T00:00:00,933985296460.0,20.0,32287.0,0.932427,32.583,True,37.91,96.3,1.09,1.26,0.0,1.35,0.0
26,11359,IssuanceAndCancellation,2016-08-01,3693843.0,3699290.0,0.0,16.9811320754717,2023-06-19T00:00:00,6996331126467.0,20.0,1894052.0,1.0066545,30.816499999999998,True,94.76,98.51,0.0,2.11,0.02,1.43,0.0
27,11706,IssuanceAndCancellation,2020-05-06,2843729.0,2862704.0,0.0,16.79245283018868,2023-06-19T00:00:00,719620030251.0,20.0,253055.0,1.080882,29.05,True,40.26,94.09,0.0,5.84,0.04,0.04,0.0
28,10789,IssuanceAndCancellation,2010-08-15,2076548.0,2090423.0,0.0,16.60377358490566,2023-06-19T00:00:00,6426027056971.0,20.0,3094572.0,0.95021,31.769,True,34.15,93.71,0.0,2.79,0.0,3.5,0.0
29,11773,Negotiable,2021-03-15,24648.0,24833.0,0.0,16.41509433962264,2023-06-19T00:00:00,2357222997166.0,20.0,95631678.0,1.011489,29.34,True,38.88,99.8,0.0,0.2,0.0,0.0,0.0
30,11710,IssuanceAndCancellation,2020-05-26,887689.0,889665.0,0.0,16.22641509433962,2023-06-19T00:00:00,2575464367765.0,20.0,2901313.0,0.9647245,29.880000000000003,True,74.81,87.88,0.0,-0.15,0.0,12.27,0.0
31,11889,Negotiable,2021-11-21,20131.0,20272.0,0.0,16.037735849056602,2023-06-19T00:00:00,2499173965814.0,20.0,124144718.0,0.91796,30.42,True,43.73,98.81,0.0,1.13,0.0,0.06,0.0
32,11509,Negotiable,2017-07-12,184923.0,185373.0,0.0,15.849056603773585,2023-06-19T00:00:00,58361708045655.0,20.0,315600045.0,0.9428529999999999,29.537,True,0.0,0.0,0.0,0.99,0.0,0.68,98.33
33,11951,Negotiable,2022-05-01,16187.0,16300.0,0.0,15.660377358490566,2023-06-19T00:00:00,4675080116863.0,20.0,288810000.0,0.967746,28.654,True,18.52,98.07,0.0,1.91,0.0,0.02,49.165
34,11922,Negotiable,2022-02-12,19355.0,19486.0,0.0,15.471698113207546,2023-06-19T00:00:00,2024701790453.0,20.0,104607174.0,0.943236,29.13,True,22.87,96.71,0.0,3.26,0.0,0.03,0.0
35,11729,Negotiable,2020-07-27,14297.0,14390.0,0.0,15.283018867924529,2023-06-19T00:00:00,987808369329.0,20.0,69089742.0,0.938445,29.04,True,23.88,91.66,0.0,4.34,4.0,0.0,0.0
36,11454,IssuanceAndCancellation,2016-12-26,31373015.0,31583539.0,0.0,15.09433962264151,2023-06-19T00:00:00,4407626188605.0,20.0,140491.0,0.947779,28.774,True,44.09,95.07,0.0,4.27,0.0,0.66,0.0
37,11324,IssuanceAndCancellation,2015-05-17,11800162.0,11818837.0,0.0,14.90566037735849,2023-06-19T00:00:00,9369942318679.0,20.0,794052.0,0.990305,27.419333333333334,True,96.76,98.59,0.0,1.4,0.01,0.01,0.0
38,11664,IssuanceAndCancellation,2019-09-08,5830180.0,5838501.0,0.0,14.716981132075471,2023-06-19T00:00:00,204019381953309.0,20.0,34993669.0,1.0328309999999998,26.064666666666668,True,82.49,94.18,0.0,3.45,0.0,2.37,0.0
39,10589,IssuanceAndCancellation,2008-03-24,3078562.0,3101285.0,0.0,14.528301886792452,2023-06-19T00:00:00,2939484975731.0,20.0,954824.0,1.075357,24.71,True,25.01,97.6,0.0,2.02,0.02,0.35,0.0
40,11384,IssuanceAndCancellation,2015-11-09,452588.0,455906.0,0.0,14.339622641509433,2023-06-19T00:00:00,688383073487.0,20.0,1520994.0,1.042397,25.647,True,28.67,96.45,0.0,1.87,0.01,1.67,0.0
41,11172,Negotiable,2013-08-29,24793.0,24879.0,0.0,14.150943396226415,2023-06-19T00:00:00,1153403144977.0,20.0,46520670.0,0.997046,26.4985,True,21.18,48.04,17.16,6.68,0.01,28.11,0.0
42,11853,IssuanceAndCancellation,2021-08-30,18377.0,18497.0,3.0,13.962264150943396,2023-06-19T00:00:00,3728592848469.0,20.0,202887079.0,0.951695,27.35,True,20.81,90.11,8.15,1.24,0.0,0.5,0.0
43,11314,IssuanceAndCancellation,2015-03-17,40822890.0,41080100.0,12.0,13.773584905660377,2023-06-19T00:00:00,223872730404.0,20.0,5484.0,1.205953,20.979,True,54.18,92.08,0.0,1.47,0.11,6.34,0.0
44,11534,IssuanceAndCancellation,2019-04-15,5018023.0,5025022.0,0.0,13.584905660377359,2023-03-27T00:00:00,19474646340250.0,20.0,3880940.0,1.1745513333333335,21.326,True,78.25,78.25,6.18,15.09,0.0,0.48,0.0
45,11925,IssuanceAndCancellation,2022-01-26,1999077.0,1999938.0,0.0,13.39622641509434,2023-06-19T00:00:00,1276779150322.0,20.0,638684.0,1.1431496666666667,21.673,True,45.7,45.7,0.0,1.22,53.08,0.0,0.0
46,11921,IssuanceAndCancellation,2022-03-13,16764.0,16826.0,12.0,13.20754716981132,2023-06-19T00:00:00,55992577927.0,20.0,3340086.0,1.111748,22.02,True,21.47,49.2,46.24,1.96,0.0,2.6,0.0
47,11365,IssuanceAndCancellation,2015-08-19,7157957.0,7168543.0,0.0,13.018867924528301,2023-06-19T00:00:00,2142097532228.0,20.0,299261.0,1.0803463333333334,22.367,True,97.19,97.19,0.0,2.05,0.0,0.32,0.0
48,11556,Negotiable,2018-02-01,126166.0,126471.0,0.0,12.830188679245282,2023-06-19T00:00:00,15301244335585.0,20.0,121277872.0,1.0489446666666669,22.714,True,0.0,0.0,0.13,0.03,0.0,1.78,98.06
49,11087,IssuanceAndCancellation,2012-08-23,1643975.0,1654345.0,0.0,12.641509433962263,2023-06-19T00:00:00,1979181038791.0,20.0,1203900.0,1.017543,23.061,True,22.48,87.78,1.92,3.66,0.01,6.63,65.37333333333333
50,11595,IssuanceAndCancellation,2018-07-28,1237738.0,1239337.0,0.0,12.452830188679245,2023-06-19T00:00:00,19156497550901.0,20.0,15477017.0,1.0408873333333335,22.327333333333332,True,44.05,85.83,0.63,9.93,6.19,0.0,32.68666666666667
51,11364,IssuanceAndCancellation,2022-03-21,11262638.0,11334108.0,0.0,12.264150943396226,2023-06-19T00:00:00,108429608434866.0,20.0,9627372.0,1.0642316666666667,21.593666666666667,True,99.67,99.67,0.0,0.24,0.0,0.09,0.0
52,11220,IssuanceAndCancellation,2014-01-27,164017.0,165095.0,0.0,12.075471698113207,2023-06-19T00:00:00,894837269617.0,20.0,5455742.0,1.087576,20.86,True,29.0,92.79,0.0,2.27,0.55,4.38,0.0
53,11924,Negotiable,2022-05-29,16115.0,16224.0,0.0,11.886792452830187,2023-06-19T00:00:00,10111033056401.0,20.0,627400000.0,1.006053,21.03,True,11.45,97.23,0.0,7.42,0.37,0.0,0.0
54,11711,IssuanceAndCancellation,2020-06-10,2805676.0,2806706.0,0.0,11.69811320754717,2023-06-19T00:00:00,19246364534159.0,20.0,6859793.0,1.097228,18.73,True,0.0,0.0,0.0,4.0,0.0,0.01,0.0
55,11745,Negotiable,2020-11-29,193357.0,194703.0,0.0,11.50943396226415,2023-06-19T00:00:00,151751340234930.0,20.0,784823170.0,1.188403,16.43,True,99.21,99.21,0.0,0.0,0.0,0.08,0.0
56,11947,IssuanceAndCancellation,2022-03-16,1239617.0,1241292.0,0.0,11.320754716981131,2023-06-19T00:00:00,1637807067913.0,20.0,1321220.0,1.086708,18.67,True,0.0,0.0,0.0,9.39,0.03,0.18,0.0
57,10591,IssuanceAndCancellation,2008-03-24,22625733.0,22777875.0,0.0,11.132075471698112,2023-06-19T00:00:00,1965497479180.0,20.0,86870.0,0.985013,20.91,True,38.7,95.28,0.0,3.6,0.0,1.12,0.0
58,11095,IssuanceAndCancellation,2012-10-02,965721.0,972382.0,0.0,10.943396226415093,2023-06-19T00:00:00,3853704101602.0,20.0,3990491.0,1.070807,18.81,True,31.88,95.85,0.0,3.95,0.0,0.2,0.0
59,11912,Negotiable,2021-12-21,16671.0,16782.0,0.0,10.754716981132075,2023-06-19T00:00:00,74365476857928.0,20.0,4460784091.0,1.190018,15.303,True,29.05,96.54,0.0,0.9,0.0,2.56,0.0
60,11668,IssuanceAndCancellation,2019-09-23,1242402.0,1244210.0,0.0,10.566037735849056,2023-06-19T00:00:00,19438302823653.0,19.166666666666668,15645735.0,1.0497105,18.207,True,94.03,94.03,0.0,0.16,0.0,0.0,0.0
61,10753,IssuanceAndCancellation,2010-02-17,4651197.0,4680127.0,0.0,10.377358490566037,2023-06-19T00:00:00,1008905149736.0,18.333333333333332,216913.0,0.909403,21.111,True,29.48,87.26,10.47,1.57,0.0,0.7,0.0
62,11260,Negotiable,2014-09-02,188530.0,189794.0,0.0,10.188679245283017,2023-06-19T00:00:00,2691972840213.0,17.5,14278690.0,0.874614,20.75,True,17.25,93.74,3.83,1.94,0.01,0.48,0.0
63,11157,IssuanceAndCancellation,2013-06-30,667014.0,669656.0,0.0,10.0,2023-06-19T00:00:00,911587729661.0,16.666666666666668,1366670.0,0.993166,17.985,True,16.06,55.03,25.08,1.23,0.01,18.65,0.0
64,11234,IssuanceAndCancellation,2014-03-02,34822100.0,35071330.0,6.0,9.81132075471698,2023-06-19T00:00:00,24930847832255.0,15.833333333333332,715949.0,1.111718,15.22,True,45.56,99.82,0.0,0.17,0.01,0.0,0.0
65,11934,IssuanceAndCancellation,2022-04-05,1107137.0,1108292.0,0.0,9.622641509433961,2023-06-19T00:00:00,276087888127.0,15.0,249371.0,1.0157370000000001,16.97,True,62.91,62.91,0.0,1.64,35.45,0.0,0.0
66,11712,Negotiable,2020-07-01,18806.0,18934.0,0.0,9.433962264150942,2023-06-19T00:00:00,5359880082462.0,14.166666666666666,285000000.0,0.919756,18.72,True,13.98,94.76,0.0,2.64,0.0,0.58,2.01
67,11649,Negotiable,2019-06-23,127006.0,127837.0,0.0,9.245283018867923,2023-06-19T00:00:00,15329941672892.0,13.333333333333332,120702249.0,0.990502,17.62,True,21.69,87.3,5.94,5.85,0.0,0.07,0.85
68,10872,IssuanceAndCancellation,2011-06-21,439916.0,442972.0,0.0,9.056603773584905,2023-06-19T00:00:00,2101807264286.0,12.5,4777741.0,1.024593,16.28,True,34.31,62.44,0.0,2.11,1.14,0.0,0.0
69,11305,IssuanceAndCancellation,2015-01-31,22057007.0,22128706.0,0.0,8.867924528301886,2023-06-19T00:00:00,406091561306.0,11.666666666666666,18411.0,1.1349485000000001,13.7095,True,14.06,43.63,53.08,0.5,0.0,2.79,0.0
70,11055,IssuanceAndCancellation,2012-05-09,781386.0,787325.0,0.0,8.679245283018867,2023-06-19T00:00:00,2815016446811.0,10.833333333333332,3602593.0,1.245304,11.139,True,21.41,97.81,0.0,1.86,0.0,0.33,0.0
71,11962,Negotiable,2022-06-20,15612.0,15715.0,0.0,8.490566037735848,2023-06-19T00:00:00,1665213720848.0,10.0,106657063.0,0.824214,17.919315,True,34.97,90.01,0.0,4.21,0.0,5.78,0.0
72,10743,IssuanceAndCancellation,2009-11-22,2150040.0,2164759.0,0.0,8.30188679245283,2023-06-19T00:00:00,7585916502389.0,9.166666666666666,3528266.0,0.976636,17.1,True,18.54,98.16,0.0,1.3,0.0,0.53,0.0
73,11900,Negotiable,2021-12-21,17717.0,17838.0,0.0,8.11320754716981,2023-06-19T00:00:00,2394721044159.0,8.333333333333332,135159470.0,0.964124,16.9,True,23.63,94.64,0.0,3.08,0.0,1.83,0.45
74,10596,IssuanceAndCancellation,2008-05-10,565994503.0,569792725.0,0.0,7.924528301886792,2023-06-19T00:00:00,6169906087249.0,7.5,10901.0,1.033197,15.66,True,27.77,96.02,0.0,3.27,0.15,0.24,0.0
75,11674,IssuanceAndCancellation,2019-10-10,1446820.0,1448946.0,0.0,7.735849056603772,2023-06-19T00:00:00,11000268267472.0,6.666666666666666,7603066.0,1.0040805,15.925,True,59.94,97.96,0.0,4.41,0.35,0.0,0.0
76,10615,IssuanceAndCancellation,2008-08-11,21175.0,21232.0,0.0,7.547169811320753,2023-06-19T00:00:00,2315796529825.0,5.833333333333332,109362408.0,0.9749639999999999,16.189999999999998,True,92.11,92.11,0.0,3.83,0.0,4.05,0.0
77,11915,IssuanceAndCancellation,2022-02-07,1795542.0,1802536.0,0.0,7.3584905660377355,2023-06-19T00:00:00,902258460511.0,5.0,502499.0,0.9458475,16.455,True,0.0,0.0,0.0,12.4,0.0,4.48,0.0
78,10825,IssuanceAndCancellation,2011-01-31,1053509.0,1061569.0,0.0,7.169811320754716,2023-06-19T00:00:00,592983611296.0,4.166666666666666,562865.0,0.916731,16.72,True,32.01,97.02,0.0,2.11,0.01,0.86,0.0
79,11836,IssuanceAndCancellation,2021-05-22,1311229.0,1312929.0,0.0,6.981132075471697,2023-06-19T00:00:00,1289019428927.0,3.333333333333332,983062.0,0.9443343333333333,16.214666666666666,True,67.14,84.92,0.0,1.56,13.52,0.0,0.0
80,11842,IssuanceAndCancellation,2021-06-26,19322.0,19392.0,0.0,6.792452830188678,2023-06-19T00:00:00,1684633161798.0,2.5,87185683.0,0.9719376666666667,15.709333333333333,True,12.03,49.17,36.04,1.17,0.0,13.63,0.0
81,10630,IssuanceAndCancellation,2008-12-22,6955935.0,7003848.0,0.0,6.60377358490566,2023-06-19T00:00:00,842843651475.0,1.6666666666666643,121169.0,0.999541,15.204,True,32.97,97.21,0.11,2.0,0.0,0.68,0.0
82,11273,IssuanceAndCancellation,2014-07-28,24423757.0,24589420.0,0.0,6.415094339622641,2023-06-19T00:00:00,7454814541764.0,0.8333333333333321,305228.0,1.056567,13.14,True,33.27,96.89,0.0,1.03,0.0,2.08,0.0
83,11099,IssuanceAndCancellation,2012-09-05,7379313.0,7430445.0,0.0,6.226415094339622,2023-06-19T00:00:00,11248596880349.0,0.0,1524342.0,0.413723,26.656138,True,21.826496,75.858101,0.05422,1.588334,0.0,0.672848,0.0
84,11182,IssuanceAndCancellation,2013-10-07,406506.0,409228.0,0.0,6.037735849056602,2023-06-19T00:00:00,5351631640272.0,0.0,13164948.0,1.071728,12.43,True,25.05,96.04,0.0,3.38,0.1,0.12,0.0
85,11736,Negotiable,2020-08-23,17825.0,17945.0,0.0,5.849056603773583,2023-06-19T00:00:00,6029379381039.0,0.0,338259228.0,0.923338,15.426,True,20.3,96.03,0.83,3.03,0.0,0.11,0.0
86,11197,Negotiable,2019-11-07,169649.0,170842.0,0.0,5.660377358490566,2023-06-19T00:00:00,5370477063456.0,0.0,31656400.0,0.956012,13.48,True,30.56,89.6,2.55,1.38,0.0,4.79,0.0
87,11223,IssuanceAndCancellation,2014-03-18,4374005.0,4402916.0,0.0,5.471698113207546,2023-06-19T00:00:00,3934299629926.0,0.0,899473.0,0.950729,14.28,True,47.3,94.27,0.0,2.07,0.0,3.65,0.0
88,10616,IssuanceAndCancellation,2008-08-07,650246489.0,654552483.0,0.0,5.283018867924527,2023-06-19T00:00:00,9349894267815.0,0.0,14379.0,1.014794,12.05,True,20.13,93.96,0.33,2.5,0.0,3.2,0.0
89,11886,Negotiable,2021-11-09,16610.0,16720.0,0.0,5.094339622641508,2023-06-19T00:00:00,2522181866499.0,0.0,151846198.0,0.854592,15.16,True,17.25,92.82,5.22,1.42,0.0,0.2,0.24
90,10600,IssuanceAndCancellation,2008-05-09,5631203.0,5666773.0,0.0,4.90566037735849,2023-06-19T00:00:00,60205792844012.0,0.0,10691462.0,0.915843,12.755,True,26.62,88.58,8.26,1.78,0.0,1.38,0.15999999999999998
91,11222,IssuanceAndCancellation,2013-11-27,15866503.0,15923722.0,0.0,4.716981132075471,2023-06-19T00:00:00,1095740686546.0,0.0,69060.0,0.9823324999999999,11.1225,True,23.62,49.99,29.52,5.89,0.0,14.6,0.07999999999999999
92,10869,IssuanceAndCancellation,2011-06-13,31919741.0,32123772.0,0.0,4.528301886792452,2023-06-19T00:00:00,1741892238707.0,0.0,54571.0,1.048822,9.49,True,20.7,89.29,0.05,2.5,0.0,8.16,0.0
93,11688,IssuanceAndCancellation,2020-04-12,1450259.0,1452320.0,0.0,4.3396226415094326,2023-06-19T00:00:00,26419951292471.0,0.0,18217398.0,0.9819019999999999,10.575,True,89.0,91.6,0.0,7.17,0.0,1.23,0.03
94,11183,Negotiable,2013-10-07,22962.0,23109.0,0.0,4.150943396226413,2023-06-19T00:00:00,20026334628991.0,0.0,872129760.0,0.914982,11.66,True,15.35,90.07,3.7,1.66,0.0,4.52,0.06
95,10782,IssuanceAndCancellation,2010-07-06,82280167.0,82846846.0,0.0,3.962264150943394,2023-06-19T00:00:00,1188207901718.0,0.0,14441.0,0.993988,9.84,True,41.03,98.25,0.0,0.67,1.06,0.02,0.0
96,10764,IssuanceAndCancellation,2010-03-15,662398.0,666808.0,0.0,3.7735849056603747,2023-06-19T00:00:00,2730913863177.0,0.0,4122766.0,1.097987,6.649,True,30.99,93.18,3.56,2.65,0.0,0.61,0.065
97,11327,Negotiable,2015-08-22,143648.0,144540.0,0.0,3.584905660377359,2023-06-19T00:00:00,10767894641009.0,0.0,74960000.0,0.898908,11.64,True,22.82,88.37,8.28,1.26,0.0,1.95,0.13
98,10719,IssuanceAndCancellation,2009-07-18,423036017.0,425905325.0,6.0,3.3962264150943398,2023-06-19T00:00:00,3022169311500.0,0.0,7144.0,1.155515,5.4,True,39.03,96.27,0.0,2.93,0.8,0.0,0.0
99,11341,Negotiable,2015-11-22,127786.0,128635.0,0.0,3.2075471698113205,2023-06-19T00:00:00,25665195061292.0,0.0,200845000.0,0.892923,11.33,True,22.89,93.18,3.37,3.42,0.0,0.03,0.0
100,10934,IssuanceAndCancellation,2011-11-12,29102365.0,29215557.0,3.0,3.018867924528301,2023-06-19T00:00:00,308746990643.0,0.0,10609.0,0.908631,10.629999999999999,True,18.65,51.56,34.82,1.41,0.0,12.22,0.0
101,11268,IssuanceAndCancellation,2014-07-23,2409207.0,2423048.0,0.0,2.830188679245282,2023-06-19T00:00:00,2036110247043.0,0.0,845137.0,0.924339,9.93,True,23.91,74.2,2.65,7.73,0.01,4.22,11.18
102,11914,IssuanceAndCancellation,2022-01-05,2320421.0,2323760.0,0.0,2.6415094339622627,2023-06-19T00:00:00,1212482632662.0,0.0,522527.0,0.9756416666666666,8.824666666666666,True,94.5,94.5,0.0,5.12,0.09,0.0,0.0
103,11755,IssuanceAndCancellation,2020-10-12,1287341.0,1289226.0,0.0,2.4528301886792434,2023-06-19T00:00:00,23373051991736.0,0.0,18156062.0,1.0269443333333332,7.719333333333333,True,94.7,95.55,0.0,7.54,1.27,0.0,0.0
104,10781,IssuanceAndCancellation,2010-07-06,1034700.0,1041401.0,0.0,2.264150943396224,2023-06-19T00:00:00,5581782129468.0,0.0,5394592.0,1.078247,6.614,True,21.2,92.24,0.0,5.89,0.0,1.87,0.0
105,11477,IssuanceAndCancellation,2017-02-06,49792897.0,50136685.0,0.0,2.075471698113205,2023-06-19T00:00:00,4411401778613.0,0.0,88595.0,0.906708,10.54,True,58.97,98.11,0.0,1.87,0.0,0.02,0.0
106,11215,Negotiable,2013-12-23,407655.0,410314.0,0.0,1.8867924528301856,2023-06-19T00:00:00,24811112283267.0,0.0,60863024.0,0.8992,10.402,True,26.11,95.1,1.5,1.58,0.0,1.82,0.0
107,10851,IssuanceAndCancellation,2011-04-20,1064023.0,1070750.0,0.0,1.6981132075471699,2023-06-19T00:00:00,43293340880970.0,0.0,40688359.0,0.958202,8.35,True,23.18,92.84,5.26,1.26,0.0,0.64,0.0
108,10896,IssuanceAndCancellation,2011-08-15,8346074.0,8403218.0,0.0,1.5094339622641506,2023-06-19T00:00:00,4803266200398.0,0.0,575512.0,1.122547,5.2,True,23.31,97.79,0.0,1.97,0.0,0.23,0.0
109,11378,Negotiable,2016-05-17,294001.0,295946.0,0.0,1.3207547169811313,2023-06-19T00:00:00,5136101374138.0,0.0,17469617.0,0.837554,11.06,True,26.68,93.29,0.0,0.94,0.0,5.77,0.0
110,11888,Negotiable,2021-11-03,17981.0,18058.0,0.0,1.132075471698112,2023-06-19T00:00:00,6583868281761.0,0.0,366140845.0,0.9137645000000001,9.268,True,25.3,56.54,19.35,0.73,0.0,22.87,0.51
111,11312,Negotiable,2015-04-06,327147.0,329408.0,0.0,0.9433962264150928,2023-06-19T00:00:00,12291344067506.0,0.0,37571304.0,0.989975,7.476,True,25.72,94.95,0.0,4.83,0.0,0.22,0.33999999999999997
112,11233,Negotiable,2018-05-27,228830.0,230344.0,0.0,0.7547169811320735,2023-06-19T00:00:00,7220834026399.0,0.0,31555481.0,0.923629,8.363,True,46.4,94.23,0.0,5.74,0.0,0.03,0.16999999999999998
113,10855,IssuanceAndCancellation,2011-05-03,37709526.0,37980102.0,0.0,0.5660377358490543,2023-06-19T00:00:00,6933009564740.0,0.0,183853.0,1.196226,2.11,True,37.02,96.61,0.0,0.74,0.01,2.64,0.0
114,11173,IssuanceAndCancellation,2013-09-04,27223379.0,27397723.0,0.0,0.377358490566035,2023-06-19T00:00:00,1500661566989.0,0.0,55124.0,0.723907,13.066,True,33.92,89.68,0.0,3.0,0.0,7.31,0.0
115,11235,IssuanceAndCancellation,2014-02-12,144138.0,145131.0,3.0,0.18867924528301572,2023-06-19T00:00:00,3229942826985.0,0.0,22408575.0,1.027073,5.27,True,38.06,97.37,0.0,2.26,0.03,0.34,0.0
116,11525,IssuanceAndCancellation,2017-07-09,1159262.0,1160210.0,5.0,0.0,2023-06-19T00:00:00,28309354319796.0,0.0,24420151.0,1.01361,5.325749999999999,True,24.412941,8.89,16.86,19.36,0.0,7.58,0.0
117,10762,IssuanceAndCancellation,2010-02-16,305997.0,307329.0,0.0,0.0,2023-06-19T00:00:00,3994713032541.0,0.0,13054755.0,1.000147,5.3815,True,14.12,59.9,38.5,1.2,0.0,0.4,0.0
118,11615,IssuanceAndCancellation,2018-12-05,1638774.0,1640892.0,0.0,0.0,2023-06-19T00:00:00,111787910188181.0,0.0,68214347.0,0.986684,5.437250000000001,True,46.47,76.85,3.97,19.67,0.0,0.18,0.0
119,11132,IssuanceAndCancellation,2013-02-24,350635.0,352940.0,1.0,0.0,2023-06-19T00:00:00,24132181548932.0,0.0,68824239.0,0.973221,5.493,True,29.63,93.98,4.27,1.37,0.0,0.38,0.0
120,11447,IssuanceAndCancellation,2016-08-01,17502776.0,17535725.0,0.0,0.0,2023-06-19T00:00:00,4733766221741.0,0.0,270458.0,0.99283475,4.7547500000000005,True,59.93,59.93,9.63,28.77,0.0,1.67,0.0
121,11927,Negotiable,2022-02-07,16419.0,16450.0,0.0,0.0,2023-06-19T00:00:00,1098156514004.0,0.0,66880840.0,1.0124485,4.016500000000001,True,0.0,0.0,0.0,2.2,0.0,0.93,0.0
122,10897,IssuanceAndCancellation,2011-08-07,13777426.0,13835340.0,12.0,0.0,2023-06-19T00:00:00,702373200113.0,0.0,50980.0,1.03206225,3.27825,True,27.78,58.52,31.94,0.86,0.01,8.66,0.0
123,11885,Negotiable,2021-11-15,18253.0,18373.0,0.0,0.0,2023-06-19T00:00:00,743991918267.0,0.0,40759976.0,1.051676,2.54,True,24.04,94.81,0.0,4.17,1.02,0.0,0.0
124,11334,IssuanceAndCancellation,2015-05-17,31686256.0,31910397.0,0.0,0.0,2023-06-19T00:00:00,2029758228126.0,0.0,64058.0,1.021156,2.52,True,32.45,98.68,0.0,0.36,0.0,0.96,0.0
125,11309,IssuanceAndCancellation,2015-04-06,151749.0,152801.0,6.0,0.0,2023-06-19T00:00:00,2071590195270.0,0.0,13651464.0,1.06481,1.316,True,25.99,97.71,0.0,2.01,0.05,0.23,0.0
126,11188,IssuanceAndCancellation,2013-05-08,22697693.0,22788620.0,0.0,0.0,2023-06-19T00:00:00,3955890153481.0,0.0,174286.0,0.7334365,8.574,True,15.395327,39.721487,28.362953,0.779941,0.0,15.740291,0.0
127,11308,Negotiable,2015-02-17,27839.0,28026.0,0.0,0.0,2023-06-19T00:00:00,4699059523290.0,0.5862068965517241,168791536.0,0.402063,15.832,True,45.88,95.27,0.0,0.92,0.0,3.8,0.0
128,10843,IssuanceAndCancellation,2011-04-17,3818553.0,3840427.0,0.0,0.0,2023-06-19T00:00:00,1828361830996.0,1.1724137931034482,478810.0,0.980313,2.73,True,50.14,79.86,13.72,2.43,0.0,1.07,0.0
129,11803,Negotiable,2022-01-05,16062.0,16171.0,0.0,0.0,2023-06-19T00:00:00,272862611182.0,1.7586206896551722,16988026.0,0.933714,3.64,True,43.25,95.99,0.0,3.13,0.0,0.88,0.0
130,11929,Negotiable,2022-03-15,14410.0,14535.0,0.0,0.0,2023-06-19T00:00:00,456114566266.0,2.3448275862068964,31651991.0,0.909623,3.37,True,25.07,96.95,0.0,1.86,0.0,0.5,0.0
131,11258,IssuanceAndCancellation,2014-05-24,95733.0,96200.0,0.0,0.0,2023-05-08T00:00:00,370345325724.0,2.9310344827586206,3868506.0,1.022261,1.355,True,25.83,67.97,23.8,1.09,0.02,7.12,0.0
132,11285,IssuanceAndCancellation,2014-10-14,3036695.0,3057915.0,0.0,0.0,2023-06-19T00:00:00,18337156196967.0,3.5172413793103443,6038524.0,1.134899,-0.66,True,34.11,97.54,1.06,0.94,0.0,0.46,0.0
133,11239,IssuanceAndCancellation,2014-05-31,5881633.0,5896295.0,0.0,0.0,2023-06-19T00:00:00,657390197952.0,4.1034482758620685,111770.0,1.10398825,-0.43700000000000006,True,23.48,34.71,19.14,0.49,0.0,45.66,0.0
134,11131,IssuanceAndCancellation,2013-02-17,9926634.0,9960741.0,6.0,0.0,2023-06-19T00:00:00,2788470865457.0,4.689655172413793,280908.0,1.0730775000000001,-0.21400000000000002,True,37.44,47.66,23.96,4.01,0.05,24.31,0.0
135,11764,IssuanceAndCancellation,2020-11-16,1768122.0,1770388.0,0.0,0.0,2023-06-19T00:00:00,74125882458730.0,5.275862068965517,41923523.0,1.04216675,0.009000000000000008,True,77.93,87.94,3.47,0.2,0.0,8.38,0.0
136,11939,Negotiable,2022-03-06,15333.0,15439.0,0.0,0.0,2023-06-19T00:00:00,8400968776918.0,5.862068965517241,547900000.0,1.011256,0.232,True,28.87,97.56,0.0,2.24,0.0,0.2,0.0
137,11297,IssuanceAndCancellation,2014-11-19,33546336.0,33784571.0,0.0,0.0,2023-06-19T00:00:00,5191161384584.0,6.448275862068965,154746.0,1.222388,-3.902,True,45.23,98.63,0.0,1.2,0.0,0.16,0.0
138,10706,IssuanceAndCancellation,2009-05-16,8149372.0,8205377.0,0.0,0.0,2023-06-19T00:00:00,12130268165673.0,7.034482758620689,1488491.0,0.8678,2.29,True,44.13,95.75,1.65,2.35,0.0,0.26,0.0
139,11397,IssuanceAndCancellation,2020-04-20,2299533.0,2300288.0,0.0,0.0,2023-06-19T00:00:00,120373621720506.0,7.620689655172413,52346974.0,0.9348523333333333,-0.21666666666666679,True,98.58,98.58,0.0,0.41,0.97,0.05,0.0
140,11607,IssuanceAndCancellation,2018-10-20,6522075.0,6531162.0,0.0,0.0,2023-06-19T00:00:00,41196022784834.0,8.206896551724137,6316398.0,1.0019046666666667,-2.7233333333333336,True,91.14,92.05,0.17,7.6,0.0,0.18,0.0
141,10801,IssuanceAndCancellation,2010-11-30,10434417.0,10504723.0,0.0,0.0,2023-06-19T00:00:00,1707456802114.0,8.793103448275861,163637.0,1.068957,-5.23,True,23.78,96.12,1.02,1.17,0.09,1.61,0.0
142,11323,Negotiable,2015-06-30,12411.0,12421.0,0.0,0.0,2023-06-19T00:00:00,956352280068.0,9.379310344827585,77052377.0,1.032513,-4.683333333333334,True,6.83,7.28,49.38,0.36,0.0,42.97,0.0
143,11553,IssuanceAndCancellation,2018-01-20,2563755.0,2567005.0,0.0,0.0,2023-06-19T00:00:00,12090801448871.0,9.96551724137931,4716052.0,0.996069,-4.136666666666667,True,62.34,84.18,6.01,0.94,0.0,8.87,0.0
144,11470,Negotiable,2021-07-08,156610.0,157684.0,0.0,0.0,2023-06-19T00:00:00,1413192446868.0,10.551724137931034,9023600.0,0.959625,-3.59,True,43.25,96.98,0.52,2.28,0.0,0.22,0.0
145,10771,IssuanceAndCancellation,2010-03-17,909736.0,915048.0,0.0,0.0,2023-06-19T00:00:00,465839474294.0,11.137931034482758,512060.0,0.944302,-3.13,True,41.27,83.17,0.0,1.13,0.01,15.69,0.0
146,11304,IssuanceAndCancellation,2015-01-20,7304086.0,7338227.0,1.0,0.0,2023-06-19T00:00:00,1358019653023.0,11.724137931034482,185926.0,0.9117664999999999,-2.96,True,19.92,55.4,40.88,1.13,0.0,1.2,1.39
147,11774,Negotiable,2021-01-26,18774.0,18899.0,0.0,0.0,2023-06-19T00:00:00,1776059570663.0,12.310344827586206,94600000.0,0.879231,-2.79,True,25.93,94.93,0.0,4.78,0.0,0.29,0.0
148,11691,IssuanceAndCancellation,2020-06-16,12293.0,12386.0,3.0,0.0,2023-02-23T00:00:00,22726083144.0,12.89655172413793,1848739.0,0.9357995,-3.95,True,32.16,86.86,11.28,1.01,0.0,0.85,0.0
149,11461,IssuanceAndCancellation,2016-10-16,25388954.0,25580276.0,0.0,0.0,2023-06-19T00:00:00,2774733494136.0,13.482758620689655,109289.0,0.992368,-5.11,True,35.82,94.71,0.0,2.38,0.0,2.9,0.0
150,11933,IssuanceAndCancellation,2022-02-13,1370987.0,1372472.0,0.0,0.0,2023-06-18T00:00:00,1575996207224.0,14.068965517241377,1149534.0,0.9817367692307692,-5.145384615384616,True,69.9,71.07,0.1,21.7,7.77,0.0,0.0
151,11196,Negotiable,2014-01-25,173923.0,174586.0,0.0,0.0,2023-06-19T00:00:00,1905769825263.0,14.655172413793101,10957539.0,0.9711055384615385,-5.180769230769231,True,27.86,54.0,10.28,1.25,0.0,34.47,0.0
152,11339,IssuanceAndCancellation,2015-05-19,1655984.0,1659239.0,1.0,0.0,2023-06-19T00:00:00,52354779897925.0,15.241379310344826,31615520.0,0.9604743076923077,-5.216153846153847,True,81.48,94.11,1.74,4.12,0.0,0.03,0.0
153,11286,IssuanceAndCancellation,2019-08-23,1756199.0,1758572.0,0.0,0.0,2023-06-19T00:00:00,89685196414077.0,15.82758620689655,51067774.0,0.9498430769230769,-5.251538461538462,True,99.99,99.99,0.0,0.0,0.0,0.0,0.0
154,11954,IssuanceAndCancellation,2022-03-17,1450772.0,1452380.0,0.0,0.0,2023-06-19T00:00:00,12893633431135.0,16.413793103448274,8887429.0,0.9392118461538461,-5.2869230769230775,True,58.32,82.9,9.56,7.4,0.0,0.14,0.0
155,11198,IssuanceAndCancellation,2014-01-25,1959127.0,1960917.0,3.0,0.0,2023-06-19T00:00:00,73363439300.0,17.0,37447.0,0.9285806153846154,-5.322307692307692,True,8.99,8.99,74.28,1.25,0.0,15.48,0.0
156,11895,IssuanceAndCancellation,2021-11-21,1376889.0,1378932.0,0.0,0.0,2023-06-19T00:00:00,1775784735403.0,16.846153846153847,1289708.0,0.9179493846153846,-5.357692307692308,True,60.94,80.59,16.11,3.12,0.0,0.18,0.0
157,11579,Negotiable,2018-06-27,1338390.0,1338390.0,0.0,0.0,2023-06-19T00:00:00,200758524883.0,16.692307692307693,150000.0,0.9073181538461539,-5.393076923076923,True,0.0,0.0,0.0,99.91,0.09,0.0,0.0
158,11828,IssuanceAndCancellation,2021-04-14,1575739.0,1578335.0,0.0,0.0,2023-06-19T00:00:00,2517758323594.0,16.53846153846154,1597827.0,0.8966869230769231,-5.428461538461539,True,90.91,95.71,0.87,3.42,0.0,0.0,0.0
159,11858,IssuanceAndCancellation,2021-07-12,1525628.0,1527401.0,0.0,0.0,2023-06-19T00:00:00,16713828089537.0,16.384615384615383,10955369.0,0.8860556923076923,-5.463846153846154,True,65.04,65.04,2.38,6.16,0.21,1.43,0.0
160,11799,IssuanceAndCancellation,2021-04-24,1358181.0,1359301.0,0.0,0.0,2023-06-19T00:00:00,67909025148.0,16.23076923076923,50000.0,0.8754244615384615,-5.49923076923077,True,-0.06,63.63,0.0,11.43,0.0,24.94,0.0
161,11655,IssuanceAndCancellation,2019-07-16,1627888.0,1630190.0,0.0,0.0,2023-06-18T00:00:00,21180917866613.0,16.076923076923077,13011279.0,0.8647932307692308,-5.534615384615385,True,86.27,94.6,0.02,2.84,0.1,4.72,0.0
162,10835,IssuanceAndCancellation,2011-03-13,4899061.0,4931621.0,0.0,0.0,2023-06-19T00:00:00,2434329011803.0,15.923076923076923,496897.0,0.854162,-5.57,True,31.51,94.81,0.17,3.83,0.0,1.19,0.0
163,11280,IssuanceAndCancellation,2014-08-27,124629.0,125434.0,6.0,0.0,2023-06-19T00:00:00,1242343382894.0,15.76923076923077,9968327.0,1.03557,-9.73,True,52.86,91.26,0.0,0.84,0.05,7.85,0.0
164,11511,IssuanceAndCancellation,2017-07-03,945504.0,946841.0,0.0,0.0,2023-01-27T00:00:00,20175230293779.0,15.615384615384615,21338061.0,0.8494493333333334,-6.093333333333334,True,71.16,93.26,0.0,7.08,6.94,0.0,0.0
165,11621,IssuanceAndCancellation,2018-11-19,41031.0,41093.0,0.0,0.0,2023-06-19T00:00:00,252650051467.0,15.461538461538462,6157615.0,0.6633286666666667,-2.456666666666667,True,12.57,18.98,45.3,0.78,0.01,34.93,0.0
166,11907,Negotiable,2022-03-12,14181.0,14286.0,0.0,0.0,2023-06-19T00:00:00,1576133279222.0,15.307692307692307,111139564.0,0.477208,1.18,True,34.58,98.17,0.0,1.74,0.0,0.09,0.0
167,11786,IssuanceAndCancellation,2021-04-20,1539546.0,1541553.0,0.0,0.0,2023-06-19T00:00:00,923728072978.0,15.153846153846153,600000.0,0.5367667500000001,-0.39749999999999996,True,53.58,53.58,30.89,4.09,0.09,0.0,0.0
168,11793,IssuanceAndCancellation,2022-01-12,1006258.0,1006784.0,1.0,0.0,2023-06-19T00:00:00,19819137470483.0,15.0,19695875.0,0.5963255000000001,-1.9749999999999999,True,4.03,4.03,66.07,0.66,0.01,29.23,0.0
169,11380,IssuanceAndCancellation,2015-12-06,138029.0,138151.0,6.0,0.0,2023-06-19T00:00:00,322442152102.0,17.0,2336040.0,0.6558842500000001,-3.5525,True,7.44,7.54,85.92,0.08,0.07,6.38,0.0
170,11725,Negotiable,2020-07-20,16460.0,16470.0,0.0,0.0,2023-06-19T00:00:00,14945826995696.0,18.0,908000000.0,0.715443,-5.13,True,3.8,4.38,68.66,0.53,0.01,25.8,0.0
171,11675,IssuanceAndCancellation,2020-02-23,2024966.0,2029649.0,0.0,0.0,2023-06-19T00:00:00,2203603281151.0,19.0,1088217.0,0.77500175,-6.7075,True,0.0,0.0,0.0,6.85,0.08,0.04,0.0
172,11859,Negotiable,2021-09-12,15093.0,15108.0,0.0,0.0,2023-06-19T00:00:00,1619294172626.0,20.0,107290940.0,0.8345605,-8.285,True,4.21,10.92,62.73,1.23,0.0,25.12,0.0
173,10767,IssuanceAndCancellation,2010-03-15,78603088.0,78913104.0,0.0,0.0,2023-06-19T00:00:00,587793889952.0,20.0,7478.0,0.89411925,-9.862499999999999,True,32.6,56.58,22.66,0.49,0.03,20.23,0.0
174,11763,Negotiable,2021-03-02,17083.0,17202.0,0.0,0.0,2023-06-19T00:00:00,1479752624025.0,20.0,86620000.0,0.953678,-11.44,True,19.13,98.72,0.0,0.89,0.04,0.35,0.0
175,11409,Negotiable,2016-03-08,49451.0,49503.0,0.0,0.0,2023-06-19T00:00:00,18815445463317.0,20.0,380484042.0,0.9721453,-12.157,True,5.98,8.56,50.24,0.68,0.0,33.64,0.0
176,11692,Negotiable,2020-03-11,20921.0,20939.0,0.0,0.0,2023-06-19T00:00:00,128457904875175.0,20.0,6140090000.0,0.9906126,-12.873999999999999,True,5.74,8.53,45.59,3.04,0.0,39.59,0.0
177,11883,Negotiable,2021-11-07,14501.0,14507.0,0.0,0.0,2023-06-19T00:00:00,128054799052208.0,20.0,8830700000.0,1.0090799,-13.591,True,0.52,0.6,49.67,1.76,0.0,39.87,0.0
178,11569,Negotiable,2019-10-20,25231.0,25249.0,0.0,0.0,2023-06-19T00:00:00,10389337329494.0,20.0,411755500.0,1.0275471999999999,-14.308,True,6.3,6.31,51.14,1.07,0.0,38.99,0.0
179,11959,Negotiable,2022-06-18,12761.0,12765.0,0.0,0.0,2023-06-19T00:00:00,131335579056.0,20.0,10292110.0,1.0460145,-15.024999999999999,True,0.0,0.0,97.85,2.12,0.0,0.03,0.0
180,11588,Negotiable,2018-10-03,28799.0,28822.0,0.0,0.0,2023-06-19T00:00:00,61009112329332.0,20.0,2118432061.0,1.0644818,-15.741999999999999,True,4.31,6.6,53.46,0.51,0.37,35.81,0.0
181,11874,Negotiable,2021-09-15,14697.0,14710.0,0.0,0.0,2023-06-19T00:00:00,41839461227301.0,20.0,2846800000.0,1.0829491,-16.459,True,8.24,9.63,42.51,0.92,0.0,45.67,0.0
182,11776,Negotiable,2021-01-23,16584.0,16603.0,0.0,0.0,2023-06-19T00:00:00,24936058100575.0,20.0,1503636225.0,1.1014164,-17.176,True,9.61,12.86,36.86,0.47,0.0,49.81,0.845
183,11722,Negotiable,2020-09-17,18286.0,18302.0,0.0,0.0,2023-06-19T00:00:00,32037533324916.0,19.714285714285715,1752000000.0,1.1198837,-17.893,True,6.12,9.44,31.06,4.43,0.0,51.42,1.69
184,10787,IssuanceAndCancellation,2010-10-12,1186244.0,1194391.0,0.0,0.0,2023-06-19T00:00:00,2973597240848.0,19.428571428571427,2506733.0,1.138351,-18.61,True,45.04,98.47,0.0,0.06,0.01,1.47,0.0
185,11838,Negotiable,2021-07-19,15385.0,15392.0,0.0,0.0,2023-06-19T00:00:00,4096046379526.0,19.142857142857142,266228158.0,1.1360273539823007,-18.25498121238938,True,0.92,0.92,24.98,9.71,0.0,58.92,5.36
186,11926,IssuanceAndCancellation,2022-04-10,12981.0,12986.0,0.0,0.0,2023-06-19T00:00:00,174394259821.0,18.857142857142858,13433578.0,1.1337037079646017,-17.89996242477876,True,2.0,2.88,50.63,4.52,1.19,40.18,0.0
187,11315,Negotiable,2015-04-25,56057.0,56124.0,0.0,0.0,2023-06-19T00:00:00,128934336103626.0,18.571428571428573,2300045907.0,1.1313800619469025,-17.544943637168142,True,10.31,14.1,59.01,0.86,0.0,25.97,0.0
188,11955,Negotiable,2022-04-27,11412.0,11426.0,0.0,0.0,2023-06-19T00:00:00,3191063504133.0,18.285714285714285,279600000.0,1.1290564159292034,-17.18992484955752,True,13.84,15.74,35.6,13.3,0.31,34.6,0.0
189,11383,IssuanceAndCancellation,2015-12-01,1036059.0,1037731.0,1.0,0.0,2023-06-19T00:00:00,50012511472443.0,18.0,48271874.0,1.1267327699115044,-16.834906061946903,True,4.25,13.37,55.31,0.49,0.0,30.83,0.025
190,11518,Negotiable,2017-12-30,35570.0,35601.0,0.0,0.0,2023-06-19T00:00:00,26331139047976.0,20.0,740269890.0,1.1244091238938052,-16.47988727433628,True,5.75,12.09,52.66,0.43,0.0,34.82,0.05
191,11626,Negotiable,2019-02-19,18683.0,18706.0,0.0,0.0,2023-06-19T00:00:00,12010488915973.0,19.25,642865314.0,1.122085477876106,-16.124868486725664,True,5.3,13.97,53.03,0.35,0.0,32.65,0.07500000000000001
192,11698,Negotiable,2020-04-08,18580.0,18593.0,0.0,0.0,2023-06-19T00:00:00,20128711110804.0,18.5,1083338511.0,1.119761831858407,-15.769849699115044,True,1.86,6.91,45.12,1.25,0.0,45.32,0.1
193,11969,IssuanceAndCancellation,2022-06-18,12473.0,12477.0,0.0,0.0,2023-06-19T00:00:00,1758868429848.0,17.75,141012323.0,1.1174381858407079,-15.414830911504424,True,0.0,0.0,79.42,2.92,0.0,17.67,0.0
194,10784,IssuanceAndCancellation,2019-07-01,1009634.0,1011087.0,1.0,0.0,2023-06-19T00:00:00,11244426006848.0,17.0,11137121.0,1.1151145398230087,-15.059812123893805,True,15.77,15.92,33.11,5.11,0.0,42.42,0.0
195,11416,Negotiable,2016-08-01,10248.0,10258.0,1.0,0.0,2023-06-19T00:00:00,24545867434891.0,16.75,2395033298.0,1.1127908938053097,-14.704793336283185,True,8.67,9.61,41.62,0.58,0.0,46.72,0.66
196,11916,Negotiable,2022-02-07,14049.0,14081.0,0.0,0.0,2023-06-19T00:00:00,624893628148.0,16.5,44476986.0,1.1104672477876105,-14.349774548672567,True,22.54,22.64,73.86,2.93,0.0,0.37,0.0
197,11753,Negotiable,2020-12-27,16879.0,16895.0,0.0,0.0,2023-06-19T00:00:00,1250799877674.0,16.25,74100294.0,1.1081436017699113,-13.994755761061946,True,8.53,8.53,71.11,0.22,0.02,19.81,0.0
198,11379,IssuanceAndCancellation,2015-10-17,1243910.0,1247697.0,1.0,0.0,2023-06-19T00:00:00,18102481494024.0,16.0,14552890.0,1.1058199557522124,-13.639736973451328,True,18.88,27.09,62.9,0.16,0.0,9.85,0.13
199,11841,Negotiable,2021-08-22,10911.0,10919.0,0.0,0.0,2023-06-19T00:00:00,2349215377675.0,16.0,215312999.0,1.1034963097345132,-13.284718185840708,True,7.15,10.86,47.52,0.82,0.0,40.79,0.26
200,11049,IssuanceAndCancellation,2012-04-14,1002754.0,1004230.0,1.0,0.0,2023-06-19T00:00:00,46080585479305.0,20.0,45954009.0,1.101172663716814,-12.929699398230088,True,13.95,15.84,27.35,6.92,0.0,45.01,0.39
201,11820,Negotiable,2021-04-12,15684.0,15697.0,0.0,0.0,2023-06-19T00:00:00,158293373648085.0,20.333333333333332,10092400000.0,1.098849017699115,-12.574680610619469,True,3.9,7.87,49.9,1.08,0.0,39.5,0.02
202,11391,IssuanceAndCancellation,2015-12-16,32203.0,32237.0,0.0,0.0,2023-06-19T00:00:00,230579153680.0,20.666666666666668,7160039.0,1.0965253716814158,-12.219661823008849,True,10.26,10.26,76.56,3.05,0.0,10.13,0.0
203,11920,Negotiable,2022-02-27,10115.0,10125.0,1.0,0.0,2023-06-19T00:00:00,5747071488518.0,21.0,568162900.0,1.0942017256637167,-11.864643035398231,True,10.81,12.15,36.6,0.69,0.0,50.56,0.055
204,11513,Negotiable,2017-08-21,10092.0,10104.0,1.0,0.0,2023-06-19T00:00:00,97670407554667.0,19.5,9677600000.0,1.0918780796460177,-11.50962424778761,True,3.02,7.58,38.69,0.45,0.0,42.12,0.11
205,11302,IssuanceAndCancellation,2014-12-16,1002631.0,1003202.0,1.0,0.0,2023-06-19T00:00:00,65336465259585.0,18.0,65164956.0,1.0895544336283185,-11.154605460176992,True,2.04,2.08,37.29,0.44,0.19,51.02,0.0
206,11459,Negotiable,2016-12-18,43269.0,43312.0,0.0,0.0,2023-06-19T00:00:00,41383937765973.0,17.25,956425485.0,1.0872307876106193,-10.799586672566372,True,8.5,12.61,22.02,1.85,0.0,62.97,0.0
207,11411,IssuanceAndCancellation,2016-03-08,1017318.0,1018886.0,1.0,0.0,2023-06-19T00:00:00,365320966794.0,16.5,359102.0,1.0849071415929203,-10.444567884955752,True,12.01,19.44,45.56,1.29,0.01,33.71,0.0
208,11917,IssuanceAndCancellation,2022-03-09,1008951.0,1009198.0,1.0,0.0,2023-06-19T00:00:00,2117241825394.0,15.75,2098458.0,1.0825834955752212,-10.089549097345133,True,0.0,0.0,67.55,1.9,0.63,30.66,0.0
209,11449,IssuanceAndCancellation,2016-09-24,1019864.0,1020313.0,1.0,0.0,2023-06-19T00:00:00,15332183202968.0,15.0,15033551.0,1.080259849557522,-9.734530309734513,True,3.42,3.42,48.71,5.05,0.0,41.94,0.0
210,11551,IssuanceAndCancellation,2018-02-10,10090.0,10104.0,1.0,0.0,2023-06-19T00:00:00,8128634968501.0,18.0,805556737.0,1.077936203539823,-9.379511522123893,True,14.44,16.21,33.9,0.94,0.0,47.45,0.0
211,10581,IssuanceAndCancellation,2011-10-16,1003402.0,1004406.0,1.0,0.0,2023-06-19T00:00:00,27127787457513.0,17.0,27035797.0,1.0756125575221238,-9.024492734513274,True,6.96,7.54,40.19,0.96,0.0,45.5,3.75
212,11421,IssuanceAndCancellation,2016-04-17,1002520.0,1003273.0,1.0,0.0,2023-06-19T00:00:00,2902593779255.0,16.5,2895297.0,1.0732889115044246,-8.669473946902656,True,5.5,5.5,39.97,0.5,0.01,46.11,0.0
213,11381,IssuanceAndCancellation,2015-12-17,6753505.0,6782246.0,6.0,0.0,2023-06-19T00:00:00,1483799138404.0,16.0,219708.0,1.0709652654867257,-8.314455159292036,True,23.39,61.46,28.13,0.59,0.0,9.82,0.0
214,11420,IssuanceAndCancellation,2016-04-05,56727.0,56823.0,0.0,0.0,2023-06-19T00:00:00,157343346938.0,16.5,2773662.0,1.0686416194690265,-7.9594363716814165,True,13.08,20.6,49.59,2.19,0.11,25.6,0.0
215,10845,IssuanceAndCancellation,2011-04-04,1016665.0,1017433.0,1.0,0.0,2023-06-19T00:00:00,26653010065039.0,17.0,26216116.0,1.0663179734513273,-7.604417584070797,True,6.73,7.56,36.68,0.98,0.02,53.23,0.73
216,11145,IssuanceAndCancellation,2013-04-28,1001973.0,1002926.0,1.0,0.0,2023-06-19T00:00:00,255531378968747.0,18.0,255028186.0,1.0639943274336283,-7.249398796460177,True,4.83,9.82,50.27,0.59,0.03,37.66,0.11
217,10911,IssuanceAndCancellation,2011-09-25,1008872.0,1009857.0,1.0,0.0,2023-06-19T00:00:00,70832682153466.0,17.2,70209720.0,1.0616706814159291,-6.8943800088495575,True,5.48,10.53,46.18,0.67,0.01,40.64,0.0
218,10864,IssuanceAndCancellation,2011-05-14,752146.0,756575.0,0.0,0.0,2023-06-19T00:00:00,444267181291.0,16.1,590666.0,1.05934703539823,-6.539361221238938,True,44.57,83.5,0.43,2.6,0.0,13.48,0.0
219,11394,IssuanceAndCancellation,2015-12-08,1017479.0,1018170.0,1.0,0.0,2023-06-19T00:00:00,29328570766831.0,15.0,28824724.0,1.057023389380531,-6.184342433628318,True,5.48,7.7,31.56,0.55,0.05,58.58,0.0
220,11667,Negotiable,2022-05-10,10191.0,10197.0,1.0,0.0,2023-06-19T00:00:00,1614063955841.0,15.0,158374380.0,1.0546997433628318,-5.8293236460176985,True,6.44,6.44,42.42,0.77,0.03,50.34,0.0
221,11500,Negotiable,2017-04-23,10105.0,10112.0,1.0,0.0,2023-06-19T00:00:00,54018398231059.0,15.0,5345546284.0,1.0523760973451326,-5.474304858407081,True,0.23,0.23,68.09,2.53,0.0,29.15,0.0
222,11918,IssuanceAndCancellation,2022-01-16,10179.0,10192.0,1.0,0.0,2023-06-19T00:00:00,470137543182.0,15.0,46186217.0,1.0500524513274336,-5.119286070796461,True,8.19,13.47,70.44,0.52,0.03,15.54,0.0
223,10720,IssuanceAndCancellation,2009-06-30,1044959.0,1045947.0,1.0,0.0,2023-06-19T00:00:00,3984864636580.0,15.0,3813419.0,1.0477288053097344,-4.764267283185841,True,10.51,10.69,49.4,1.38,0.25,38.28,0.0
224,10915,IssuanceAndCancellation,2011-10-11,1007866.0,1008550.0,1.0,0.0,2023-06-19T00:00:00,29384886714708.0,16.0,29155520.0,1.0454051592920353,-4.409248495575222,True,3.48,7.03,38.52,1.18,0.0,52.39,0.0
225,11767,Negotiable,2021-08-22,10179.0,10183.0,1.0,0.0,2023-06-19T00:00:00,33903525221606.0,18.0,3330671431.0,1.0430815132743363,-4.054229707964602,True,0.04,0.04,63.09,0.48,0.0,32.85,0.01
226,11405,IssuanceAndCancellation,2016-02-17,1008854.0,1009597.0,1.0,0.0,2023-06-19T00:00:00,130215464247023.0,20.0,129072608.0,1.040757867256637,-3.6992109203539822,True,2.308898,1.565382,67.24875,0.664199,0.0,25.293691,0.0
227,10766,IssuanceAndCancellation,2010-03-07,1004044.0,1005542.0,1.0,0.0,2023-06-19T00:00:00,18604420015955.0,15.0,18529484.0,1.038434221238938,-3.3441921327433626,True,9.37,18.08,56.8,0.35,0.31,24.46,0.0
228,11343,IssuanceAndCancellation,2015-06-20,110312.0,110477.0,1.0,0.0,2023-06-19T00:00:00,81236584251424.0,18.0,736426485.0,1.036110575221239,-2.9891733451327447,True,4.13,11.58,76.31,0.33,0.0,11.78,0.0
229,11660,Negotiable,2019-09-24,10199.0,10204.0,1.0,0.0,2023-06-19T00:00:00,5850448462126.0,19.0,573629194.0,1.0337869292035398,-2.634154557522125,True,2.6,2.6,62.14,0.38,0.0,34.87,0.0
230,11277,IssuanceAndCancellation,2014-09-03,56837.0,56848.0,0.0,0.0,2023-06-19T00:00:00,231054122689794.0,20.0,4065227154.0,1.0314632831858406,-2.2791357699115053,True,0.46,5.74,89.47,0.05,0.0,4.74,0.0
231,11075,IssuanceAndCancellation,2012-07-01,1018171.0,1019104.0,1.0,0.0,2023-06-19T00:00:00,180642780560098.0,17.0,177418909.0,1.0291396371681416,-1.924116982300884,True,2.4,10.42,56.8,0.57,0.0,32.21,0.0
232,11329,IssuanceAndCancellation,2021-05-22,4249877.0,4254469.0,0.0,0.0,2023-06-19T00:00:00,1142507384506.0,17.5,268833.0,1.0268159911504424,-1.569098194690266,True,79.98,79.98,0.01,0.12,0.0,3.05,0.0
233,11738,IssuanceAndCancellation,2020-09-17,101780.0,101939.0,1.0,0.0,2023-06-19T00:00:00,7762694438577.0,18.0,76268772.0,1.0244923451327432,-1.2140794070796481,True,15.46,19.27,33.38,0.51,0.07,45.31,1.45
234,11161,IssuanceAndCancellation,2013-07-09,1006776.0,1008750.0,1.0,0.0,2023-06-19T00:00:00,13451860984250.0,18.0,13361331.0,1.0221686991150443,-0.8590606194690267,True,16.49,22.83,41.91,1.32,0.0,33.94,0.725
235,10920,Negotiable,2019-10-12,10067.0,10077.0,1.0,0.0,2023-06-19T00:00:00,9392513029227.0,17.5,932967518.0,1.019845053097345,-0.5040418318584088,True,10.37,10.37,64.63,0.43,0.0,24.58,0.0
236,10895,IssuanceAndCancellation,2011-08-14,1018130.0,1018981.0,1.0,0.0,2023-06-19T00:00:00,2071739933535.0,17.0,2034849.0,1.017521407079646,-0.14902304424778734,True,3.16,7.2,54.9,2.37,0.0,35.53,0.9
237,10639,IssuanceAndCancellation,2009-02-02,1001977.0,1003642.0,1.0,0.0,2023-06-19T00:00:00,55824164464582.0,15.0,55713970.0,1.015197761061947,0.20599574336283055,True,18.66,20.16,49.67,0.97,0.0,26.68,1.8
238,11158,IssuanceAndCancellation,2013-06-25,1007356.0,1009453.0,3.0,0.0,2023-06-19T00:00:00,13772847631841.0,17.0,13672268.0,1.0128741150442477,0.561014530973452,True,6.94,20.26,67.9,0.67,0.0,9.04,0.13
239,11338,IssuanceAndCancellation,2015-06-01,1002406.0,1003139.0,1.0,0.0,2023-06-19T00:00:00,44621873547950.0,18.0,44514769.0,1.0105504690265485,0.9160333185840699,True,6.38,6.92,49.16,0.78,0.07,41.16,0.0
240,11217,IssuanceAndCancellation,2014-01-28,1007673.0,1009216.0,1.0,0.0,2023-06-19T00:00:00,9075084227573.0,18.0,9005973.0,1.0082268230088496,1.2710521061946878,True,7.78,14.96,44.42,0.82,0.27,36.14,0.55
241,11517,IssuanceAndCancellation,2017-07-22,10070.0,10085.0,1.0,0.0,2023-06-19T00:00:00,106657723417672.0,17.5,10591234295.0,1.0059031769911504,1.6260708938053092,True,5.28,14.63,47.97,0.29,0.0,34.05,0.0
242,11521,IssuanceAndCancellation,2017-09-19,10074.0,10083.0,1.0,0.0,2023-06-19T00:00:00,1876539867779.0,15.0,186258768.0,1.0035795309734512,1.9810896814159271,True,4.55,7.82,64.0,0.48,0.0,27.69,0.0
243,11014,IssuanceAndCancellation,2012-02-21,1018105.0,1018643.0,1.0,0.0,2023-06-19T00:00:00,6818865866988.0,16.0,6697603.0,1.0012558849557522,2.3361084690265486,True,1.83,5.89,53.82,1.05,0.0,39.24,0.0
244,11460,Negotiable,2016-12-24,10092.0,10105.0,1.0,0.0,2023-06-19T00:00:00,33041786763071.0,20.0,3273995457.0,0.998932238938053,2.6911272566371665,True,11.58,18.89,50.71,1.32,0.0,29.08,0.0
245,11367,Negotiable,2015-03-03,10385.0,10396.0,0.0,0.0,2023-06-19T00:00:00,5502531870792.0,17.5,529857808.0,0.9966085929203539,3.046146044247788,True,7.57,12.0,63.96,0.43,0.0,23.61,0.0
246,11090,IssuanceAndCancellation,2012-09-10,1217385.0,1218547.0,1.0,0.0,2023-06-19T00:00:00,48073445641696.0,15.0,39489109.0,0.9942849469026548,3.401164831858406,True,1.32,11.72,35.02,0.88,0.01,52.37,0.0
247,11741,IssuanceAndCancellation,2020-09-27,10028.0,10040.0,1.0,0.0,2023-06-19T00:00:00,2945297796920.0,16.5,293680471.0,0.9919613008849557,3.7561836194690272,True,9.79,9.79,82.77,2.62,0.02,2.06,0.0
248,11665,IssuanceAndCancellation,2019-10-09,1004071.0,1005232.0,1.0,0.0,2023-06-19T00:00:00,507566146673.0,18.0,505508.0,0.9896376548672565,4.111202407079645,True,13.14,13.14,65.21,0.22,0.17,21.25,0.0
249,11008,IssuanceAndCancellation,2012-01-27,1016665.0,1017842.0,1.0,0.0,2023-06-19T00:00:00,62772350395350.0,16.0,61743356.0,0.9873140088495574,4.466221194690263,True,6.27,11.06,42.08,0.68,0.0,45.21,0.0
250,11385,IssuanceAndCancellation,2015-11-14,1017412.0,1018703.0,1.0,0.0,2023-06-19T00:00:00,32204568683009.0,15.0,31653417.0,0.9849903628318584,4.8212399823008845,True,4.71,11.28,34.51,2.73,0.22,45.84,0.0
251,10919,IssuanceAndCancellation,2011-10-10,1017616.0,1018842.0,1.0,0.0,2023-06-19T00:00:00,547555999911780.0,20.0,538076783.0,0.9826667168141592,5.176258769911502,True,3.73359,1.361416,66.331461,0.371577,0.0,27.597785,0.0
252,11512,IssuanceAndCancellation,2017-05-27,12823033.0,12842226.0,0.0,0.0,2023-06-19T00:00:00,9857912349808.0,18.333333333333332,768766.0,0.9803430707964601,5.531277557522124,True,95.29,96.41,0.27,2.06,0.0,1.26,0.0
253,11673,Negotiable,2019-11-17,10195.0,10200.0,1.0,0.0,2023-06-19T00:00:00,1977984518201.0,16.666666666666668,194003285.0,0.978019424778761,5.886296345132742,True,2.79,2.79,54.81,0.4,0.0,41.62,0.0
254,10748,IssuanceAndCancellation,2010-01-11,1001874.0,1003114.0,1.0,0.0,2023-06-19T00:00:00,7275333718279.0,15.0,7261721.0,0.9756957787610618,6.241315132743363,True,14.75,14.75,39.73,0.31,0.0,45.21,0.0
255,11661,IssuanceAndCancellation,2019-09-07,1001085.0,1003963.0,1.0,0.0,2023-06-19T00:00:00,103863592561.0,17.5,103751.0,0.9733721327433628,6.596333920353981,True,30.17,35.6,40.21,1.66,0.0,22.19,0.0
256,10778,IssuanceAndCancellation,2010-05-09,1001909.0,1004753.0,1.0,0.0,2023-06-19T00:00:00,906138522194.0,20.0,904412.0,0.9710484867256637,6.9513527079646025,True,25.37,40.55,44.76,0.83,0.0,13.86,0.01
257,11098,IssuanceAndCancellation,2012-10-09,1002016.0,1003306.0,1.0,0.0,2023-06-19T00:00:00,533383063981228.0,17.0,532309730.0,0.9687248407079645,7.30637149557522,True,3.48,13.13,45.36,0.82,0.0,37.94,0.02
258,11310,IssuanceAndCancellation,2015-04-06,1013507.0,1014897.0,1.0,0.0,2023-06-19T00:00:00,475139006153365.0,18.5,468806795.0,0.9664011946902654,7.661390283185838,True,2.85,9.57,73.47,0.23,0.0,16.73,0.01
259,11340,Negotiable,2015-08-08,10001.0,10013.0,1.0,0.0,2023-06-19T00:00:00,1712272931339.0,9.25,171200000.0,0.9640775486725663,8.01640907079646,True,6.9,9.48,76.64,0.16,0.3,9.01,0.0
260,11495,IssuanceAndCancellation,2017-05-02,1001031.0,1001270.0,1.0,0.0,2023-06-19T00:00:00,2032593464666.0,0.0,2030498.0,0.9617539026548672,8.371427858407078,True,1.633802,0.0,31.464145,1.671759,0.0,65.230294,0.0
261,11142,IssuanceAndCancellation,2013-04-13,1006290.0,1008231.0,1.0,0.0,2023-06-19T00:00:00,104000265505721.0,15.0,103350101.0,0.9594302566371681,8.726446646017699,True,8.86,22.11,43.13,1.95,0.0,31.95,0.0
262,11562,IssuanceAndCancellation,2018-02-17,10180.0,10185.0,1.0,0.0,2023-06-19T00:00:00,993370206740.0,20.0,97582575.0,0.957106610619469,9.081465433628317,True,1.42,1.53,93.95,4.09,0.03,0.4,0.0
263,11701,IssuanceAndCancellation,2020-07-26,1008643.0,1009316.0,1.0,0.0,2023-06-19T00:00:00,8554309343451.0,18.0,8481003.0,0.9547829646017698,9.436484221238938,True,3.48,5.9,71.12,0.42,0.7,21.63,0.0
264,11499,Negotiable,2017-04-24,18670.0,18702.0,0.0,0.0,2023-06-19T00:00:00,2497004963511.0,20.0,133745881.0,0.9524593185840707,9.791503008849556,True,11.46,18.17,79.94,1.82,0.0,0.07,0.41
265,10765,IssuanceAndCancellation,2010-03-17,1006717.0,1008066.0,1.0,0.0,2023-06-19T00:00:00,112113230550902.0,16.0,111365133.0,0.9501356725663717,10.146521796460174,True,12.22,14.55,57.49,0.63,0.0,25.75,0.82
266,10929,IssuanceAndCancellation,2011-10-26,1013802.0,1016220.0,1.0,0.0,2023-06-19T00:00:00,1230675690891.0,18.0,1213921.0,0.9478120265486725,10.501540584070796,True,20.22,27.99,53.61,0.53,0.0,10.06,0.0
267,10883,IssuanceAndCancellation,2011-07-18,1017131.0,1017898.0,1.0,0.0,2023-06-19T00:00:00,86744911030633.0,17.0,85283860.0,0.9454883805309734,10.856559371681413,True,6.47,8.07,48.59,0.55,0.0,42.71,0.0
268,11756,IssuanceAndCancellation,2021-09-15,1002535.0,1002834.0,3.0,0.0,2023-06-19T00:00:00,690633640134.0,16.0,688887.0,0.9431647345132743,11.211578159292035,True,1.47,1.47,41.75,1.11,0.0,55.67,0.0
269,11476,IssuanceAndCancellation,2017-03-06,1048668.0,1050710.0,3.0,0.0,2023-06-19T00:00:00,282130741561.0,17.0,269037.0,0.9408410884955751,11.566596946902653,True,6.34,18.68,78.11,0.93,0.01,0.77,0.0
270,11442,IssuanceAndCancellation,2016-07-23,1011324.0,1012577.0,1.0,0.0,2023-06-19T00:00:00,275134806024.0,16.5,272054.0,0.938517442477876,11.921615734513274,True,11.17,12.48,84.57,1.45,0.01,1.19,0.0
271,10885,IssuanceAndCancellation,2011-07-06,2038528.0,2047151.0,0.0,0.0,2023-06-19T00:00:00,2272019067702.0,16.0,1114539.0,0.936193796460177,12.276634522123892,True,37.32,59.03,22.61,0.6,0.0,17.75,0.0
272,11316,IssuanceAndCancellation,2014-10-18,3517464.0,3520273.0,0.0,0.0,2023-06-19T00:00:00,359664291763.0,15.5,102251.0,0.9338701504424778,12.63165330973451,True,0.0,0.0,41.62,0.51,0.01,2.0,0.0
273,11256,IssuanceAndCancellation,2014-05-19,1011918.0,1012784.0,1.0,0.0,2023-06-19T00:00:00,101464102063.0,15.0,100269.0,0.9315465044247787,12.986672097345132,True,7.03,7.03,89.76,2.95,0.06,0.2,0.0
274,11427,IssuanceAndCancellation,2016-05-02,22200.0,22211.0,0.0,0.0,2023-06-19T00:00:00,109211327872.0,16.0,4919300.0,0.9292228584070796,13.34169088495575,True,0.99,0.99,94.43,1.11,0.04,3.43,0.0
275,11290,IssuanceAndCancellation,2014-09-23,1048864.0,1050522.0,3.0,0.0,2023-06-19T00:00:00,54849318331.0,17.0,52294.0,0.9268992123893804,13.69670967256637,True,4.96,15.14,77.97,3.08,0.01,1.41,0.0
276,11148,IssuanceAndCancellation,2013-04-28,10161.0,10174.0,1.0,0.0,2023-06-19T00:00:00,2365713732898.0,15.0,232801577.0,0.9245755663716814,14.051728460176989,True,6.41,10.87,80.36,0.11,0.01,8.66,0.0
277,11896,Negotiable,2021-11-15,1214745.0,1218425.0,0.0,0.0,2023-06-17T00:00:00,12147445696449.0,20.0,10000000.0,0.9222519203539823,14.406747247787607,True,43.84,43.84,0.0,55.23,0.0,0.93,0.0
278,11386,IssuanceAndCancellation,2015-11-10,1059181.0,1059590.0,0.0,0.0,2023-06-19T00:00:00,1032186901773.0,19.846153846153847,974514.0,0.9199282743362831,14.761766035398232,True,24.2,24.2,0.0,75.49,0.0,0.31,0.0
279,11168,IssuanceAndCancellation,2013-08-14,1005201.0,1006624.0,1.0,0.0,2023-06-19T00:00:00,1364342186584.0,19.692307692307693,1357282.0,0.917604628318584,15.11678482300885,True,10.48,16.2,45.45,1.03,0.01,37.31,0.0
280,11882,IssuanceAndCancellation,2021-09-26,1297213.0,1299562.0,0.0,0.0,2023-06-19T00:00:00,184528624937.0,19.53846153846154,142250.0,0.915280982300885,15.471803610619467,True,11.46,11.46,82.84,4.69,2.72,0.0,0.0
281,11679,IssuanceAndCancellation,2020-02-19,901421.0,902380.0,0.0,0.0,2023-06-19T00:00:00,2526731223913.0,19.384615384615383,2803052.0,0.9129573362831858,15.826822398230085,True,63.16,68.64,0.0,35.21,0.0,5.08,0.0
282,11813,IssuanceAndCancellation,2021-03-08,1298215.0,1299935.0,0.0,0.0,2023-06-19T00:00:00,72444193276544.0,19.23076923076923,55802935.0,0.9106336902654867,16.181841185840703,True,82.66,90.96,0.21,8.67,0.04,0.12,0.0
283,11435,IssuanceAndCancellation,2016-06-23,19646945.0,19674574.0,0.0,0.0,2023-06-19T00:00:00,36388383012254.0,19.076923076923077,1852114.0,0.9083100442477876,16.536859973451328,True,94.25,94.25,0.0,5.61,0.0,0.02,0.0
284,11407,IssuanceAndCancellation,2016-03-07,1406152.0,1407392.0,0.0,0.0,2023-06-19T00:00:00,3155213842121.0,18.923076923076923,2243864.0,0.9059863982300884,16.891878761061946,True,59.08,79.94,19.96,0.03,0.0,0.07,0.0
285,11726,Negotiable,2020-08-09,473362.0,473417.0,0.0,0.0,2023-05-30T00:00:00,236680846526.0,18.76923076923077,500000.0,0.9036627522123893,17.246897548672564,True,0.0,0.0,31.18,33.55,0.02,35.25,0.0
286,11538,IssuanceAndCancellation,2017-12-29,1618994.0,1627930.0,0.0,0.0,2023-06-19T00:00:00,13157631678779.0,18.615384615384617,8127037.0,0.9013391061946903,17.601916336283182,True,64.76,94.64,1.35,11.03,1.91,0.0,0.0
287,11769,IssuanceAndCancellation,2020-12-06,1619984.0,1622345.0,0.0,0.0,2023-06-19T00:00:00,5075238692384.0,18.46153846153846,3132894.0,0.8990154601769911,17.956935123893807,True,91.87,91.87,0.0,5.61,0.0,2.52,0.0
288,11746,Negotiable,2020-10-07,1128348.0,1129084.0,0.0,0.0,2023-06-18T00:00:00,225669630845.0,18.307692307692307,200000.0,0.896691814159292,18.311953911504425,True,0.0,0.0,41.48,53.1,0.01,5.4,0.0
289,11306,IssuanceAndCancellation,2019-08-23,1252438.0,1254087.0,0.0,0.0,2022-09-02T00:00:00,583384459086.0,18.153846153846153,465799.0,0.8943681681415929,18.666972699115043,True,0.0,0.0,0.0,0.0,0.0,0.0,0.0
290,10837,IssuanceAndCancellation,2011-03-16,1018898.0,1019735.0,1.0,0.0,2023-06-19T00:00:00,21488545246696.0,18.0,21089979.0,0.8920445221238937,19.02199148672566,True,6.96,7.2,45.18,0.95,0.06,44.81,0.0
291,11318,IssuanceAndCancellation,2021-03-27,3406232.0,3410072.0,0.0,0.0,2023-06-19T00:00:00,1711301378880.0,18.153846153846153,502403.0,0.8897208761061947,19.37701027433628,True,97.02,97.02,0.0,1.83,0.0,1.15,0.0
292,11480,Negotiable,2017-02-14,908778.0,908778.0,0.0,0.0,2023-03-20T00:00:00,90877784820.0,18.307692307692307,100000.0,0.8873972300884956,19.732029061946903,True,0.0,0.0,0.0,82.08,0.0,17.92,0.0
293,11540,Negotiable,2017-10-30,1182.0,1182.0,0.0,0.0,2022-10-29T00:00:00,10898266260975.0,18.46153846153846,9219504257.0,0.8850735840707964,20.08704784955752,True,0.0,0.0,0.0,99.95,0.0,0.05,0.0
294,11797,Negotiable,2021-02-14,1076483.0,1076483.0,0.0,0.0,2023-06-19T00:00:00,1076482638056.0,18.615384615384617,1000000.0,0.8827499380530973,20.44206663716814,True,0.0,0.0,0.0,78.35,0.36,21.29,0.0
295,11281,IssuanceAndCancellation,2014-09-03,672530.0,673514.0,0.0,0.0,2023-06-19T00:00:00,3848517248755.0,18.76923076923077,5722450.0,0.8804262920353982,20.797085424778757,True,85.43,91.54,0.0,1.05,0.0,7.4,0.0
296,11681,IssuanceAndCancellation,2020-01-01,760984.0,762060.0,0.0,0.0,2022-09-04T00:00:00,2092488627649.0,18.923076923076923,2749710.0,0.878102646017699,21.152104212389375,True,0.0,0.0,0.0,0.0,0.0,0.0,0.0
297,10830,IssuanceAndCancellation,2022-08-06,78672.0,79200.0,0.0,0.0,2023-06-19T00:00:00,2064704585656.0,19.076923076923077,26244401.0,0.875779,21.507123,True,28.49,93.15,0.0,4.77,0.0,2.08,0.0
298,10923,IssuanceAndCancellation,2023-04-23,10665.0,10734.0,0.0,0.0,2023-04-28T00:00:00,1110696816631.0,19.23076923076923,104144043.0,0.8487616,26.7261642,True,34.66,36.08,58.67,0.26,0.05,4.94,0.0
299,11704,IssuanceAndCancellation,2020-06-10,265821.0,266270.0,0.0,0.0,2022-09-04T00:00:00,58752632487.0,19.384615384615383,221023.0,0.8217442,31.9452054,True,0.0,0.0,0.0,0.0,0.0,0.0,0.0
300,11931,IssuanceAndCancellation,2022-09-24,1855865.0,1858382.0,0.0,0.0,2023-06-19T00:00:00,37557628417987.0,19.53846153846154,20237266.0,0.7947268000000001,37.1642466,True,59.19,90.22,0.0,0.18,0.0,9.6,0.0
301,11960,IssuanceAndCancellation,2022-10-01,422491.0,422491.0,0.0,0.0,2023-06-18T00:00:00,2154702986618.0,19.692307692307693,5100000.0,0.7677094,42.3832878,True,0.0,0.0,0.0,99.91,0.0,0.08,0.0
302,11968,IssuanceAndCancellation,2022-08-13,1859279.0,1868019.0,0.0,0.0,2023-06-19T00:00:00,411257739079.0,19.846153846153847,221192.0,0.740692,47.602329,True,19.89,66.26,0.0,16.85,0.0,16.89,0.0
303,11976,Negotiable,2022-06-27,10183.0,10185.0,1.0,0.0,2023-06-19T00:00:00,5556808375496.0,20.0,545696078.0,0.7261288,41.7048768,True,0.0,0.44,53.74,0.51,0.0,45.31,0.0
304,11978,IssuanceAndCancellation,2022-06-20,905538.0,906807.0,0.0,0.0,2023-06-19T00:00:00,1021443746672.0,20.0,1127997.0,0.7115656,35.8074246,True,89.28,99.85,0.0,0.14,0.0,0.01,0.0
305,11982,IssuanceAndCancellation,2022-07-05,1357770.0,1360292.0,0.0,0.0,2023-06-19T00:00:00,539200139584.0,20.0,397122.0,0.6970024,29.9099724,True,98.08,98.08,0.0,0.05,1.87,0.0,0.0
306,11983,IssuanceAndCancellation,2022-07-06,9976.0,9990.0,1.0,0.0,2023-06-19T00:00:00,270722453161.0,20.0,27136119.0,0.6824392,24.0125202,True,13.01,14.0,75.29,0.7,0.0,10.02,0.0
307,11985,Negotiable,2022-08-09,15706.0,15813.0,0.0,0.0,2023-06-19T00:00:00,742611593589.0,20.0,47279681.0,0.667876,18.115068,True,44.88,96.85,0.0,3.11,0.04,0.0,0.0
308,11986,IssuanceAndCancellation,2022-07-23,1192030.0,1192314.0,0.0,0.0,2023-06-19T00:00:00,249059312822.0,20.0,208937.0,0.69508,15.648437900000001,True,12.04,12.04,0.0,29.61,17.19,41.75,0.0
309,11987,IssuanceAndCancellation,2022-07-06,1743901.0,1745682.0,0.0,0.0,2023-06-19T00:00:00,866938690505.0,20.0,497126.0,0.722284,13.181807800000001,True,65.31,65.31,1.82,32.55,0.91,0.0,0.0
310,11989,Negotiable,2022-07-31,10193.0,10204.0,1.0,0.0,2023-06-19T00:00:00,54972655973954.0,20.0,5393000001.0,0.749488,10.7151777,True,3.92,12.48,43.95,0.79,0.0,42.43,0.0
311,11990,Negotiable,2022-08-17,12088.0,12092.0,0.0,0.0,2023-06-19T00:00:00,9066250842500.0,20.0,749999901.0,0.776692,8.2485476,True,0.0,0.0,80.28,0.31,0.0,19.41,0.0
312,11993,IssuanceAndCancellation,2022-07-23,12075.0,12078.0,0.0,0.0,2023-06-19T00:00:00,19988369691698.0,20.0,1655302134.0,0.8038959999999999,5.7819175000000005,True,1.08,1.16,98.79,0.01,0.0,0.04,0.0
313,11994,IssuanceAndCancellation,2022-08-14,1108851.0,1109379.0,0.0,0.0,2023-06-19T00:00:00,97729719945.0,20.0,88136.0,0.8311,3.315287399999999,True,0.0,96.74,0.0,0.13,3.13,0.0,0.0
314,11995,IssuanceAndCancellation,2022-09-03,10196.0,10202.0,0.0,0.0,2023-06-19T00:00:00,1528726527718.0,20.0,149931641.0,0.858304,0.8486572999999993,True,4.35,5.12,49.44,2.03,0.0,41.74,0.0
315,11996,IssuanceAndCancellation,2022-09-10,10094.0,10098.0,1.0,0.0,2023-06-19T00:00:00,350256803254.0,20.0,34698345.0,0.885508,-1.6179728000000004,True,0.0,0.0,57.15,0.59,0.0,38.72,0.0
316,11997,IssuanceAndCancellation,2022-08-21,10032.0,10057.0,1.0,0.0,2023-06-19T00:00:00,9499143988386.0,20.0,946810039.0,0.912712,-4.0846029,True,29.33,29.96,54.71,2.1,0.0,11.0,0.0
317,11998,Negotiable,2022-10-01,15265.0,15366.0,0.0,0.0,2023-06-19T00:00:00,1283495260915.0,20.0,84076761.0,0.939916,-6.551233,True,20.21,93.15,1.44,5.36,0.0,0.04,0.0
318,12002,Negotiable,2022-09-11,11998.0,12006.0,0.0,0.0,2023-06-19T00:00:00,32539947814326.0,20.0,2712100000.0,0.9315057,-5.2922329999999995,True,4.02,9.4,31.54,0.78,0.0,58.28,24.675
319,12005,IssuanceAndCancellation,2022-09-05,1374524.0,1376491.0,0.0,0.0,2023-06-19T00:00:00,5609915841786.0,20.0,4081352.0,0.9230954,-4.033233,True,53.44,76.94,21.67,0.11,0.0,1.28,49.35
320,12006,Negotiable,2023-05-08,8293.0,8330.0,0.0,0.0,2023-06-19T00:00:00,1658584273319.0,20.0,200000000.0,0.9146851,-2.774233,True,96.49,97.32,0.0,0.26,2.11,0.31,74.025
321,12008,Negotiable,2023-04-26,8665.0,8672.0,0.0,0.0,2023-06-19T00:00:00,927295659698.0,20.0,107006395.0,0.9062748,-1.5152330000000003,True,0.0,0.0,0.0,0.25,1.05,0.0,98.7
322,12009,IssuanceAndCancellation,2022-10-01,15556.0,15613.0,0.0,0.0,2023-06-19T00:00:00,22666260500746.0,20.0,1457064750.0,0.8978645000000001,-0.25623299999999993,True,16.35,50.63,14.79,2.38,0.0,32.21,0.0
323,12010,IssuanceAndCancellation,2022-10-01,1121149.0,1121384.0,0.0,0.0,2023-06-19T00:00:00,154157991461.0,20.0,137500.0,0.8894542,1.0027669999999995,True,0.0,0.0,56.81,0.77,0.0,42.42,0.0
324,12012,IssuanceAndCancellation,2022-11-13,14907.0,14935.0,0.0,0.0,2023-06-19T00:00:00,1490739375890.0,20.0,100000000.0,0.8810439,2.261766999999999,True,0.0,0.0,8.65,6.51,1.95,0.68,82.22
325,12015,IssuanceAndCancellation,2022-11-28,11484.0,11491.0,0.0,0.0,2023-06-19T00:00:00,3620347022162.0,20.0,315228196.0,0.8726336,3.5207669999999993,True,0.86,0.93,70.76,0.36,0.0,24.09,0.0
326,12017,Negotiable,2022-11-21,11701.0,11704.0,0.0,0.0,2023-06-19T00:00:00,10461105396671.0,20.0,894000000.0,0.8642233,4.779767,True,0.44,0.44,51.37,1.94,0.02,46.24,0.0
327,12018,Negotiable,2022-12-13,15460.0,15535.0,0.0,0.0,2023-06-19T00:00:00,208710981388.0,20.0,13500000.0,0.855813,6.038767,True,29.2,66.57,29.73,3.47,0.23,0.0,0.0
328,12020,IssuanceAndCancellation,2022-10-01,1147923.0,1149882.0,0.0,0.0,2023-06-19T00:00:00,163742089849.0,20.0,142642.0,0.9411250000000001,10.090456666666668,True,95.12,95.12,0.2,0.45,0.0,0.0,0.0
329,12021,IssuanceAndCancellation,2022-10-23,15246.0,15289.0,1.0,0.0,2023-06-19T00:00:00,5171713065752.0,20.0,339207325.0,1.026437,14.142146333333335,True,14.17,35.99,61.82,0.46,0.0,1.73,0.0
330,12022,IssuanceAndCancellation,2022-11-21,1765293.0,1777248.0,0.0,0.0,2023-06-19T00:00:00,384334442002.0,20.0,217717.0,1.111749,18.193836,True,40.65,92.47,0.0,6.16,0.23,1.14,0.0
331,12023,Negotiable,2022-11-12,17350.0,17466.0,0.0,0.0,2023-06-19T00:00:00,536763585638.0,20.0,30936963.0,0.792652,30.7,True,34.71,96.45,0.0,8.55,0.08,0.0,0.0
332,12024,Negotiable,2022-11-16,11691.0,11696.0,0.0,0.0,2023-06-19T00:00:00,5553537253916.0,20.0,475020000.0,0.8422475,29.79660625,True,0.23,0.23,62.02,0.23,0.0,32.47,0.0
333,12027,Negotiable,2022-11-06,10180.0,10180.0,12.0,0.0,2023-06-18T00:00:00,1679620662384.0,20.0,165000000.0,0.8918429999999999,28.893212499999997,True,0.0,10.12,0.0,89.11,0.77,0.0,0.0
334,12031,Negotiable,2023-02-06,11400.0,11412.0,0.0,0.0,2023-06-19T00:00:00,400984562185.0,20.0,35173946.0,0.9414385,27.989818749999998,True,8.88,9.25,85.04,5.7,0.0,0.0,0.0
335,12033,Negotiable,2022-11-07,14445.0,14541.0,0.0,0.0,2023-06-19T00:00:00,39299944636647.0,20.0,2720690835.0,0.991034,27.086425,True,23.25,95.63,0.0,2.15,0.0,2.22,0.0
336,12035,Negotiable,2023-01-04,14400.0,14504.0,0.0,0.0,2023-06-19T00:00:00,2014570314943.0,20.0,139900000.0,0.974084,7.253699,True,25.48,98.62,0.0,0.84,0.0,0.54,0.0
337,12039,Negotiable,2022-12-12,15940.0,16044.0,0.0,0.0,2023-06-19T00:00:00,5084658312372.0,20.0,318994471.0,0.824231,13.050452,True,38.38,93.43,0.0,2.74,0.0,3.83,0.0
338,12042,IssuanceAndCancellation,2022-12-07,11405.0,11409.0,0.0,0.0,2023-06-19T00:00:00,1373016640935.0,20.0,120382267.0,0.790017,14.30126375,True,0.0,0.0,69.01,0.39,0.01,30.59,0.0
339,12045,Negotiable,2023-02-21,11214.0,11219.0,0.0,0.0,2023-06-19T00:00:00,1116964600361.0,20.0,99600000.0,0.755803,15.5520755,True,0.0,0.0,99.91,0.07,0.0,0.02,0.0
340,12047,IssuanceAndCancellation,2023-01-01,1124884.0,1126190.0,0.0,0.0,2023-06-19T00:00:00,2384079757923.0,20.0,2119399.0,0.721589,16.80288725,True,77.46,77.46,0.0,0.06,22.48,0.0,0.0
341,12048,Negotiable,2023-01-04,14580.0,14674.0,0.0,0.0,2023-06-19T00:00:00,490836251867.0,20.0,33664658.0,0.687375,18.053699,True,46.28,90.91,0.0,8.78,0.0,0.31,0.0
342,12050,IssuanceAndCancellation,2023-01-17,11123.0,11127.0,0.0,0.0,2023-06-19T00:00:00,2387058283990.0,20.0,214600000.0,0.6654295,17.77255175,True,1.33,1.33,62.68,0.58,0.0,35.4,0.0
343,12051,IssuanceAndCancellation,2023-03-11,1081778.0,1082192.0,0.0,0.0,2023-06-19T00:00:00,37862260611.0,20.0,35000.0,0.643484,17.4914045,True,99.92,0.0,0.0,-0.65,0.73,0.0,0.0
344,12052,Negotiable,2023-03-13,11088.0,11099.0,0.0,0.0,2023-06-19T00:00:00,2217652410074.0,20.0,199998825.0,0.6215385,17.21025725,True,8.2,8.93,33.84,0.97,0.01,52.47,0.0
345,12053,IssuanceAndCancellation,2023-01-23,11165.0,11169.0,0.0,0.0,2023-06-19T00:00:00,456275041772.0,20.0,40862941.0,0.599593,16.92911,True,0.0,0.0,77.36,0.54,22.1,0.0,0.0
346,12055,IssuanceAndCancellation,2023-03-01,10203.0,10207.0,1.0,0.0,2023-06-19T00:00:00,1853697076431.0,20.0,181689047.0,0.5776475,16.64796275,True,4.92,4.92,19.3,1.27,0.0,74.51,0.0
347,12056,Negotiable,2022-12-12,391148.0,391148.0,0.0,0.0,2023-03-20T00:00:00,1369016411679.0,20.0,3500000.0,0.555702,16.3668155,True,0.0,0.0,0.0,29.1,0.0,70.9,0.0
348,12057,Negotiable,2023-01-14,14089.0,14119.0,0.0,0.0,2023-06-19T00:00:00,5415731452070.0,20.0,384375266.0,0.5337565,16.08566825,True,0.0,0.0,0.0,1.32,0.0,0.01,0.0
349,12061,IssuanceAndCancellation,2023-04-15,1150138.0,1155512.0,0.0,0.0,2023-06-19T00:00:00,123548977361.0,20.0,107421.0,0.511811,15.804521,True,35.38,66.69,0.0,45.94,5.4,8.06,0.0
350,12070,Negotiable,2023-03-14,10061.0,10064.0,1.0,0.0,2023-06-19T00:00:00,18145400315087.0,20.0,1803390704.0,0.5448738571428572,12.138180428571427,True,0.1,0.1,40.51,3.07,0.0,55.66,0.0
351,12072,IssuanceAndCancellation,2023-06-07,1009283.0,1012046.0,0.0,0.0,2023-06-19T00:00:00,259503033881.0,20.0,257116.0,0.5779367142857142,8.471839857142857,True,25.77,39.48,0.0,13.02,44.35,7.69,0.0
352,12073,IssuanceAndCancellation,2023-01-17,940836.0,943820.0,0.0,0.0,2023-06-18T00:00:00,470418204735.0,20.0,500000.0,0.6109995714285714,4.805499285714285,True,180.28,209.91,0.0,9.82,0.27,0.0,0.0
353,12086,Negotiable,2023-03-25,10701.0,10705.0,0.0,0.0,2023-06-19T00:00:00,4846433128256.0,20.0,452870007.0,0.6440624285714286,1.1391587142857151,True,3.37,3.37,0.0,1.28,0.0,93.38,0.0
354,12087,IssuanceAndCancellation,2023-04-26,1424339.0,1426730.0,0.0,0.0,2023-06-19T00:00:00,1803716161779.0,20.0,1266353.0,0.6771252857142858,-2.527181857142855,True,99.12,99.12,0.0,0.08,0.0,0.8,0.0
355,12091,IssuanceAndCancellation,2023-03-25,1018854.0,1018954.0,1.0,0.0,2023-06-19T00:00:00,545086168807.0,20.0,534999.0,0.7101881428571428,-6.193522428571429,True,0.0,0.0,26.67,1.05,0.0,72.27,0.0
356,12093,Negotiable,2023-02-22,11409.0,11481.0,0.0,0.0,2023-06-19T00:00:00,9367990549784.0,20.0,821100000.0,0.743251,-9.859863,True,31.24,87.21,4.99,2.49,0.0,5.3,0.0
357,12099,IssuanceAndCancellation,2023-02-28,803573.0,804677.0,0.0,0.0,2023-06-19T00:00:00,1151627330269.0,20.0,1433134.0,0.6864165,-4.588322000000001,True,88.27,94.36,0.0,0.19,0.0,5.45,0.0
358,12127,Negotiable,2023-06-07,9828.0,9877.0,0.0,0.0,2023-06-19T00:00:00,7630121101951.0,20.0,776391409.0,0.629582,0.683219,True,17.5,63.1,13.61,0.12,0.0,23.17,0.0
359,11533,Negotiable,2018-09-23,1065346.0,1065361.0,0.0,0.0,2023-05-21T00:00:00,106534671067.0,20.0,100000.0,0.6437105555555556,-1.3993608888888887,True,0.0,0.0,3.39,96.16,0.0,0.45,0.0
360,11479,Negotiable,2017-02-14,1134248.0,1134309.0,0.0,0.0,2023-05-21T00:00:00,567124078874.0,20.0,500000.0,0.6578391111111112,-3.481940777777777,True,8.91,8.91,3.89,77.53,0.0,0.75,0.0
361,11775,IssuanceAndCancellation,2020-12-26,1501986.0,1503633.0,0.0,0.0,2023-06-19T00:00:00,6999597312689.0,20.0,4660227.0,0.6719676666666666,-5.564520666666666,True,88.98,89.78,0.35,11.48,5.99,0.0,35.155
362,11780,Negotiable,2021-01-19,22233.0,22310.0,0.0,0.0,2023-06-19T00:00:00,2062802830257.0,20.0,92779960.0,0.6860962222222222,-7.6471005555555545,True,0.0,0.0,6.0,0.22,1.29,22.17,70.31
363,11822,IssuanceAndCancellation,2021-03-17,915453.0,916793.0,0.0,0.0,2023-06-19T00:00:00,2376241617792.0,20.0,2595699.0,0.7002247777777778,-9.729680444444444,True,90.88,93.98,3.8,1.81,0.15,0.26,56.248000000000005
364,11617,IssuanceAndCancellation,2018-12-23,21299.0,21309.0,0.0,0.0,2023-06-19T00:00:00,5423374791724.0,20.0,254630743.0,0.7143533333333334,-11.812260333333333,True,10.3,92.04,0.0,0.01,0.0,7.95,42.186
365,11091,IssuanceAndCancellation,2012-09-12,1673602.0,1676152.0,0.0,0.0,2023-06-19T00:00:00,2483544700701.0,20.0,1483952.0,0.7284818888888889,-13.894840222222221,True,64.1,93.0,0.73,4.01,0.0,2.26,28.123999999999995
366,11891,IssuanceAndCancellation,2021-11-24,2618628.0,2622733.0,0.0,0.0,2023-06-19T00:00:00,3255920581491.0,20.0,1243369.0,0.7426104444444445,-15.97742011111111,True,99.91,99.91,0.0,0.07,0.0,0.02,14.061999999999998
367,10763,IssuanceAndCancellation,2010-05-03,8489198.0,8489216.0,0.0,0.0,2022-10-22T00:00:00,8574170880.0,20.0,1010.0,0.756739,-18.06,True,0.0,0.0,0.0,5.83,0.1,94.06,0.0
368,11713,Negotiable,2020-06-13,836491.0,836498.0,0.0,0.0,2023-06-19T00:00:00,418245524138.0,20.0,500000.0,0.756739,-18.06,True,0.0,0.0,2.24,97.22,0.0,0.54,23.5775
369,11808,IssuanceAndCancellation,2021-02-28,826847.0,827025.0,0.0,0.0,2023-06-10T00:00:00,826846528036.0,20.0,1000000.0,0.756739,-18.06,True,0.0,0.0,58.36,41.42,0.0,0.21,47.155
370,11287,IssuanceAndCancellation,2018-09-23,938935.0,940933.0,0.0,0.0,2022-10-28T00:00:00,17836911580655.0,20.0,18996949.0,0.756739,-18.06,True,68.57,68.57,0.0,17.21,0.0,13.67,70.7325
371,11772,Negotiable,2021-01-19,16259.0,16335.0,0.0,0.0,2023-06-19T00:00:00,3454548556920.0,20.0,212465887.0,0.756739,-18.06,True,0.0,0.0,0.0,4.75,0.0,0.94,94.31
372,11798,IssuanceAndCancellation,2021-02-09,707770.0,709133.0,0.0,0.0,2023-06-19T00:00:00,458326396055.0,20.0,647564.0,0.756739,-18.06,True,26.69,97.01,0.0,2.23,0.26,0.5,47.155
373,11903,IssuanceAndCancellation,2021-12-06,924562.0,924935.0,5.0,0.0,2023-06-19T00:00:00,46242910363.0,20.0,50016.0,0.756739,-18.06,True,0.0,48.505,0.0,3.86,0.0,0.07,0.0
374,11752,IssuanceAndCancellation,2020-10-19,1519433.0,1520317.0,0.0,0.0,2022-08-27T00:00:00,720147554382.0,20.0,473958.0,0.756739,-18.06,True,0.0,0.0,0.0,0.0,0.0,0.0,0.0
375,11687,IssuanceAndCancellation,2020-01-01,1213372.0,1214622.0,0.0,0.0,2022-10-23T00:00:00,417074382505.0,20.0,343990.0,0.756739,-18.06,True,0.0,0.0,0.0,65.91,0.0,34.09,0.0
376,11346,IssuanceAndCancellation,2015-05-10,3273775.0,3278177.0,0.0,0.0,2023-06-19T00:00:00,35912443699752.0,20.0,10969736.0,0.756739,-18.06,True,71.35,92.75,0.03,5.16,0.0,2.06,0.0
377,11897,Negotiable,2021-11-13,405937.0,405950.0,0.0,0.0,2023-06-19T00:00:00,608904847554.0,20.0,1500000.0,0.756739,-18.06,True,0.0,0.0,9.09,0.52,0.0,90.39,0.0
378,11419,IssuanceAndCancellation,2016-04-02,1276375.0,1295130.0,0.0,0.0,2023-06-19T00:00:00,19239656647598.0,20.0,15073660.0,0.756739,-18.06,True,94.1,94.1,0.0,0.06,1.81,4.02,0.0
379,11295,IssuanceAndCancellation,2014-09-01,1597897.0,1600130.0,0.0,0.0,2023-06-19T00:00:00,60499514761865.0,20.0,37861971.0,0.756739,-18.06,True,92.57,93.5,0.09,6.4,0.0,0.01,0.0
380,11130,IssuanceAndCancellation,2014-09-01,1597897.0,1600130.0,0.0,0.0,2022-01-26T18:36:39.5856274,60499514761865.0,20.0,37861971.0,0.756739,-18.06,False,92.57,93.5,0.09,6.4,0.0,0.01,0.0
381,11276,Negotiable,2014-09-01,1597897.0,1600130.0,0.0,0.0,2022-01-26T18:36:39.5807967,60499514761865.0,20.0,37861971.0,0.756739,-18.06,False,92.57,93.5,0.09,6.4,0.0,0.01,0.0
382,11371,Negotiable,2014-09-01,1597897.0,1600130.0,0.0,0.0,2022-01-26T18:36:39.5775377,60499514761865.0,20.0,37861971.0,0.756739,-18.06,False,92.57,93.5,0.09,6.4,0.0,0.01,0.0
383,11445,Negotiable,2014-09-01,1597897.0,1600130.0,0.0,0.0,2022-01-26T18:36:39.5792121,60499514761865.0,20.0,37861971.0,0.756739,-18.06,False,92.57,93.5,0.09,6.4,0.0,0.01,0.0
384,11471,Negotiable,2014-09-01,1597897.0,1600130.0,0.0,0.0,2022-01-26T18:36:39.5824436,60499514761865.0,20.0,37861971.0,0.756739,-18.06,False,92.57,93.5,0.09,6.4,0.0,0.01,0.0
385,11514,IssuanceAndCancellation,2014-09-01,1597897.0,1600130.0,0.0,0.0,2022-01-26T18:36:39.5840951,60499514761865.0,20.0,37861971.0,0.756739,-18.06,False,92.57,93.5,0.09,6.4,0.0,0.01,0.0
386,11537,Negotiable,2014-09-01,1597897.0,1600130.0,0.0,0.0,2022-01-26T18:36:39.5693422,60499514761865.0,20.0,37861971.0,0.756739,-18.06,False,92.57,93.5,0.09,6.4,0.0,0.01,0.0
387,11802,Negotiable,2014-09-01,1597897.0,1600130.0,0.0,0.0,2022-01-26T18:36:39.5738169,60499514761865.0,20.0,37861971.0,0.756739,-18.06,False,92.57,93.5,0.09,6.4,0.0,0.01,0.0
388,11806,Negotiable,2014-09-01,1597897.0,1600130.0,0.0,0.0,2022-01-26T18:36:39.5655852,60499514761865.0,20.0,37861971.0,0.756739,-18.06,False,92.57,93.5,0.09,6.4,0.0,0.01,0.0
389,11855,Negotiable,2014-09-01,1597897.0,1600130.0,0.0,0.0,2022-01-26T18:36:39.5717225,60499514761865.0,20.0,37861971.0,0.756739,-18.06,False,92.57,93.5,0.09,6.4,0.0,0.01,0.0
390,11919,IssuanceAndCancellation,2014-09-01,1597897.0,1600130.0,0.0,0.0,2022-03-14T19:21:48.0009369,60499514761865.0,20.0,37861971.0,0.756739,-18.06,False,92.57,93.5,0.09,6.4,0.0,0.01,0.0
391,12081,Negotiable,2014-09-01,1597897.0,1600130.0,0.0,0.0,2023-03-11T17:02:38.4941388,60499514761865.0,20.0,37861971.0,0.756739,-18.06,False,92.57,93.5,0.09,6.4,0.0,0.01,0.0
392,12107,IssuanceAndCancellation,2014-09-01,1597897.0,1600130.0,0.0,0.0,2023-05-23T19:00:03.6769605,60499514761865.0,20.0,37861971.0,0.756739,-18.06,False,92.57,93.5,0.09,6.4,0.0,0.01,0.0
393,12115,IssuanceAndCancellation,2014-09-01,1597897.0,1600130.0,0.0,0.0,2023-06-19T19:00:05.7895693,60499514761865.0,20.0,37861971.0,0.756739,-18.06,False,92.57,93.5,0.09,6.4,0.0,0.01,0.0
394,12116,IssuanceAndCancellation,2014-09-01,1597897.0,1600130.0,0.0,0.0,2023-06-06T19:00:14.4178082,60499514761865.0,20.0,37861971.0,0.756739,-18.06,False,92.57,93.5,0.09,6.4,0.0,0.01,0.0
395,12124,Negotiable,2014-09-01,1597897.0,1600130.0,0.0,0.0,2023-06-06T19:00:14.6303394,60499514761865.0,20.0,37861971.0,0.756739,-18.06,False,92.57,93.5,0.09,6.4,0.0,0.01,0.0
396,12126,IssuanceAndCancellation,2014-09-01,1597897.0,1600130.0,0.0,0.0,2023-06-12T19:00:02.7496077,60499514761865.0,20.0,37861971.0,0.756739,-18.06,False,92.57,93.5,0.09,6.4,0.0,0.01,0.0
